empId,empName,flightId,storeName,transportId,phone,address
52-0310646,Allix Custed,N407AS,,,388-663-1236,34 Almo Circle
73-7928487,Zebedee Spall,N3KUAA,,,213-770-2896,66351 Fremont Park
97-0581407,Nickey Bichard,N171US,,,866-478-1693,3 Transport Place
35-1025361,Jozef Fulford,N3HYAA,,,106-650-2657,38 Killdeer Point
90-9599479,Fred Humberston,N527AS,,,458-544-0109,5 Stephen Point
65-4617478,Claudell Mauchline,N3730B,,,432-970-6636,0128 Atwood Alley
35-3010979,Jessi Duigenan,N635NK,,,621-476-0042,52217 Northfield Parkway
48-6194354,Massimo Borgesio,N584UW,,,671-485-2326,1046 Steensland Pass
44-6237647,Pet Rolfi,,Quamba,,752-558-2663,418 Melrose Way
89-5864712,Martynne Mehmet,,Vidoo,,448-260-4798,40952 Londonderry Crossing
61-4454460,Janna Boldison,,Janyx,,322-751-4630,72 Summer Ridge Hill
09-5515709,Krystal Coil,,Vinder,,882-598-3290,3748 Boyd Junction
83-7464495,Alanson Ramplee,,Browseblab,,476-616-6731,9280 Thackeray Center
26-5597876,Shannan Danielsohn,,Fanoodle,,523-675-7274,87 5th Place
03-3448516,Edgar Sudworth,,Oyonder,,449-210-2076,168 Garrison Hill
43-9665375,Haywood Way,,Thoughtsphere,,677-832-4323,0 Farmco Center
18-7913896,Shell McGarrity,,Photobug,,278-120-0363,76048 Katie Crossing
50-0869282,Juliane Betjes,,Dabfeed,,142-565-9466,07705 Crowley Alley
03-1032232,Kayle Noor,,Fivespan,,895-932-7510,41366 Carpenter Parkway
80-7243995,Virgie Drakes,,Topicstorm,,563-970-0273,758 Farwell Hill
60-7803785,Denys Brugden,,Yodoo,,547-986-4126,316 Pearson Plaza
94-4692149,Ivonne Samsin,,Einti,,419-343-2326,1 Dayton Place
15-5437392,Cullan Wemes,,Jaxbean,,535-635-2992,66287 Sullivan Point
42-6118495,Stefanie Matyushonok,,Aimbo,,149-124-8940,06926 Kim Drive
43-4092135,Berri Farge,,Midel,,848-501-8886,927 Delladonna Junction
19-1060585,Haleigh Petri,,Yakitri,,789-575-2713,52396 Macpherson Park
69-9209496,Barnabas Willcott,,Fatz,,593-553-6288,33 Sugar Trail
57-5827530,Natalina Dimmock,,,16-3516066,948-587-9030,8691 Veith Terrace
68-2031564,Alanah Tomashov,,,81-6090502,935-420-0979,3958 1st Center
45-4325858,Vergil Cocklin,,,32-4371966,307-791-8440,792 Talisman Hill
10-2572571,Thurston Emps,,,72-6378050,412-947-7922,12 Bowman Plaza
63-7011984,Sheppard Wissby,,,35-1762133,214-647-6556,12271 Almo Plaza
78-0813238,Neala Chesson,,,57-8022367,722-430-5816,9 Swallow Drive
70-0280027,Hanson Piggott,,,60-5679029,853-948-2209,4 Valley Edge Alley
46-4797871,Larisa Nix,,,14-1579074,936-779-1938,4 Continental Junction
18-8915607,Cecilio Ellyatt,N389HA,,,267-937-1272,769 Messerschmidt Alley
06-1622567,Juditha Duly,N804AW,,,522-890-7648,6 Elgar Trail
31-3681063,Mar McAughtry,N76519,,,460-275-0897,68309 Steensland Junction
47-0596883,Helge Gobat,N464AS,,,599-713-4640,3645 Cardinal Center
32-4846806,Arv Kenneway,N607JB,,,469-760-2135,086 Ludington Place
53-9046412,Kermie Champney,N633NK,,,112-438-3219,2 Roxbury Way
04-0677375,Drusilla Dummigan,N606NK,,,112-749-7102,95 Glacier Hill Parkway
10-3888587,Kay McPeck,N3BDAA,,,522-797-1727,85682 Golden Leaf Center
89-0249269,Meade Yellowlee,N514AS,,,422-555-8029,04114 Pepper Wood Parkway
31-7346246,Nicolai Kubat,N630NK,,,300-728-5795,11256 Jenna Circle
72-7227421,Alric Mee,N597JB,,,731-890-0746,38 Canary Hill
32-3408426,Janetta Cordey,N172US,,,265-643-5039,82164 Hintze Park
48-2355700,Aloin Phizacklea,N303AS,,,820-244-4506,41277 Wayridge Street
21-5367070,Emlynne McKibbin,,,90-5590981,227-190-8549,8266 Randy Plaza
28-8407828,Virgil Callan,,,82-0191234,132-963-5726,81 South Crossing
