empId,teamId,empName,address,phone
98-6490053,30,Taite Cranney,51834 Northfield Drive,480-231-7982
50-3043773,17,Janeen Tonge,951 Graceland Center,671-938-6271
02-1291439,12,Dolli Ivanyushkin,2 Donald Plaza,429-924-7481
09-4305064,29,Vassily Worton,793 Mendota Hill,852-830-3659
39-8680552,21,Malinde Wilshire,77871 Pennsylvania Circle,959-916-1155
50-4627123,7,Janel Whitrod,21 Service Center,553-864-3235
60-9732222,42,Che Farncombe,48 Rowland Lane,899-227-2104
62-0425832,10,Tamma Garret,89483 David Way,619-261-7630
97-6678195,49,Orson Rowley,3853 Harper Place,446-352-1182
06-3538938,27,Hetti Depka,01618 Oak Valley Point,837-525-8936
80-9175105,22,Kala Mc Caghan,188 Melody Parkway,730-471-8842
50-8943056,11,Silas Pickaver,104 Kensington Hill,874-598-5201
87-0384458,29,Darcie Syphus,4 Cherokee Junction,866-345-5522
75-0993051,18,Linc Frankcombe,41 Hooker Crossing,137-227-3649
97-8850461,44,Wilbur Stockwell,8 Eggendart Drive,861-211-5710
57-2755153,21,Nikolia Risdall,900 Glacier Hill Terrace,636-717-9740
01-4051676,41,Sidney Osban,75991 Hoepker Center,198-582-8354
77-8313727,16,Erskine Woolvin,48877 Melrose Parkway,646-220-5605
75-6524444,50,Travus Albany,794 Summer Ridge Road,420-986-1855
24-5017835,47,Alvin Fawson,770 Kennedy Road,708-355-6006
64-4020985,36,Evvy McIan,8867 Veith Pass,729-229-2538
13-4460294,33,Riobard Enderby,4045 Texas Hill,609-793-1206
15-1491903,18,Philomena Senechault,0711 Waubesa Trail,721-180-8375
14-2707588,8,Gusti Skeene,129 Bellgrove Point,952-818-7230
55-2757388,7,Alane Bradburn,370 Sunbrook Street,890-467-3220
09-1185247,14,Gretal Crawley,2347 Hoepker Drive,266-890-9730
00-4959676,17,Bernie Saltsberg,82456 Lyons Street,763-827-8660
32-6773511,36,Gabi Biggam,17204 Brown Place,570-809-6654
69-2593318,44,Klaus Brymner,01 Sheridan Drive,469-318-7201
69-2246473,30,Lennie Gerriets,10 Corben Pass,861-720-0138
62-7629138,40,Silas Wasiela,641 Quincy Park,738-389-1236
54-8550772,29,Loni Alabastar,1639 Fair Oaks Center,666-471-4273
26-1159185,3,Kala Blazeby,9472 Tomscot Pass,808-528-9240
51-0387134,43,Walsh Chesterton,8 Park Meadow Street,140-429-7166
83-6864574,41,Wilfred McAlister,35 Bunker Hill Lane,978-927-6697
17-9934610,29,Pacorro Fishbourne,478 Scoville Point,173-254-8407
99-0117114,28,Arte Dikels,91324 Rigney Point,762-862-4073
52-5294713,15,Renado Skaid,0881 Mitchell Point,446-170-0269
08-2785940,13,Stephie Yarmouth,77 Pine View Trail,215-591-4123
44-8358265,14,Ophelie Mughal,3090 Shopko Circle,179-990-9424
40-3048756,3,Pearline Issatt,0 Luster Parkway,264-802-1996
54-4860132,12,Bayard Poschel,3578 Orin Pass,191-112-6903
94-6859208,42,Tracy Landal,1 Portage Alley,958-993-4749
70-9069396,2,Rycca Deighton,3 Straubel Hill,798-404-4274
46-0885078,19,Aurore Starbuck,29866 Holmberg Hill,619-798-7886
54-0162794,6,Skipper Maciocia,885 Mccormick Center,185-625-8774
81-2567836,33,Thane Sparling,99 Cambridge Alley,739-153-1290
37-1193389,22,Richardo Thorns,60 Birchwood Trail,478-114-7061
06-6161176,17,Drud Dodgshun,78 Menomonie Parkway,733-248-2534
19-7425947,24,Eugene Biernacki,80550 Oriole Terrace,473-349-4484
63-7946439,6,Hort Joisce,3483 Brown Circle,964-840-2570
16-6884270,38,Raven Fumagall,6 Cherokee Way,511-723-5056
78-9831307,24,Maxwell Aldiss,066 Birchwood Point,829-660-7877
91-6111815,48,Kerri Ahlin,747 Longview Court,605-516-9529
26-5208801,36,Carita Tibbles,99 Fairfield Center,359-318-0149
46-9495145,15,Gavrielle Pleace,6429 Briar Crest Pass,229-396-3384
13-3518673,22,Trenton Fouch,7364 Sloan Plaza,380-551-6615
42-4701795,13,Swen Tanzig,29 Larry Alley,730-390-2036
15-6450685,24,Darrell Montague,18360 Esker Road,915-813-6283
13-7519672,36,Sigfrid Ricson,9 Stephen Plaza,171-269-8475
43-8744252,18,Josselyn Wolledge,2533 6th Way,495-535-0770
82-7137689,12,Dasya Stitch,2 5th Way,513-865-4953
02-6547192,19,Boothe Raspel,9590 Arizona Place,932-584-9606
51-5204695,15,Danyette Karchewski,8496 Golf Crossing,711-247-0037
18-2442362,26,Francis Fothergill,672 Warrior Lane,888-195-2050
52-7508874,16,Bogart Rubinow,964 Luster Parkway,992-957-4303
55-8493080,50,Yetty Thal,5 Delladonna Point,533-293-9550
89-3675197,43,Anabel Folke,9474 Rockefeller Place,221-488-7222
08-6733271,14,Gran Raffan,63 Stuart Way,199-256-2544
78-6847909,12,Star Arnolds,40450 Amoth Point,125-343-6378
05-0813393,39,Ailis Rosser,27 Kensington Way,688-872-9684
20-5225610,34,Aleksandr Virgo,2004 Melody Crossing,318-880-6253
12-4321780,10,Ancell Selway,2959 Green Parkway,245-932-7431
73-6960318,38,Pedro Foyston,70029 Veith Road,451-578-0109
64-2781654,44,Charin Soots,404 Harper Way,631-116-9331
67-5813607,3,Mildred Gallyon,31 Springs Drive,321-368-5285
36-4260901,41,Wilton Presnail,7 Claremont Street,796-488-3887
10-7409127,3,Genni Feander,1993 Crescent Oaks Trail,649-314-6110
05-0819846,13,Andra Thorneloe,20 Waubesa Drive,867-293-2088
59-8978164,42,Giusto Reye,0 Pepper Wood Road,101-900-0551
11-9704144,39,Valry Cromer,6640 Del Mar Junction,695-262-0585
14-0511487,6,Novelia Frangione,402 Pennsylvania Junction,241-893-5365
89-8856372,8,Lissi Walworth,7977 Chinook Place,896-676-0202
32-0854815,7,Hyacinthie MacGown,1671 New Castle Place,454-398-7240
18-6467261,8,Davey Tredger,87 Dwight Point,557-965-2333
93-8202886,41,Jan Ferschke,5 Granby Hill,462-347-2962
21-6971167,37,Rip Seston,06290 Canary Point,281-601-9812
28-2101993,42,Raven Reede,7027 Kim Street,841-380-4640
84-3874960,23,Ephrem Stegell,4 Mosinee Street,533-151-4372
07-7022553,45,Marlane Lorryman,248 Milwaukee Point,758-349-5428
45-8013387,21,Paulina Konke,60 Fair Oaks Junction,582-470-6764
68-8858949,30,Albertine Dunk,720 Kennedy Park,426-977-6260
47-9723723,20,Jackson Abelovitz,1085 Ohio Pass,225-884-9580
20-7321204,18,Errick Risebrow,45571 Riverside Circle,557-518-3242
11-2882407,43,Salvador Burge,70146 Mitchell Alley,762-820-2855
46-9707583,29,Timmi Force,93437 Shopko Parkway,520-154-5297
29-2549133,46,Rickert Rysom,63891 Gale Avenue,603-782-6197
24-6170613,22,Saleem Schleicher,6 American Way,376-976-8028
10-9694054,39,Cross Garrick,952 Towne Pass,379-368-6919
50-3577687,35,Cary Cowerd,6189 Dorton Road,603-970-7109
36-8999801,8,Denise Faulkes,6614 Donald Hill,666-156-8889
37-5565477,16,Camella Merredy,7 Bay Drive,168-985-0916
47-2021603,12,Jelene Shawyers,5393 Delaware Street,565-127-9955
84-4632308,47,Terrijo Westman,9 Iowa Court,833-814-0896
16-0973713,23,Moses Bampkin,88 Brown Avenue,450-700-1862
64-3320608,6,Odetta Vina,43437 Anderson Court,277-885-5144
13-0243345,49,Myrwyn Lindell,56 Welch Lane,576-371-7340
03-7023188,4,Cobby Monger,0065 Arrowood Alley,313-832-6941
01-2935779,9,Cherin Vowdon,681 Parkside Road,800-505-1959
14-2796846,34,Martita Derby,1706 Haas Lane,451-696-8956
88-1210218,7,Thalia Desaur,4495 Springs Junction,918-326-1114
54-5556807,46,Janna Aindriu,5966 Parkside Court,548-211-3817
39-2963188,19,Den Lindermann,3 Waubesa Street,856-198-0657
39-5475544,39,Renard Riddlesden,8 Mendota Court,341-486-3904
17-5091550,1,Aubree Gunbie,84 Arrowood Parkway,560-488-3578
30-9365420,27,Sollie Mityashin,35510 Bonner Road,547-272-4490
32-1192603,23,Emmery Beaufoy,849 Larry Trail,972-144-1957
51-0555274,27,Blane Duligall,7 Marcy Park,399-853-2268
07-2168041,20,Tomasina Mouland,239 Cascade Way,393-954-5365
46-1994329,9,Toinette Lahive,9 Lien Circle,554-966-8808
72-9784045,1,Jobye Mainwaring,65265 Emmet Way,946-131-1242
56-7406841,45,Jacqueline Felder,29441 Dakota Pass,960-253-7785
14-2580674,25,Nikolas Jovic,0364 Mifflin Street,609-165-8624
88-9357597,30,Marilin Kubal,99 Lunder Trail,288-421-4408
13-1064294,18,Marcel Ainge,25 Killdeer Way,234-232-1901
42-2861534,36,Lettie Trubshaw,4 Pawling Pass,531-955-2698
59-2778955,24,Layne Marvin,3 Hanover Junction,392-137-4312
87-3798254,44,Floyd Dow,9723 Forest Dale Place,560-649-9461
27-7471699,39,Ingmar Haig,24 Miller Junction,867-166-0184
43-8801031,22,Lisette Rimington,62173 Burrows Drive,357-755-9265
21-1092240,37,Zak Chrystie,8626 Grover Road,196-231-4406
70-2189339,27,Malchy Lambourne,412 Dennis Junction,533-306-0122
98-9697356,39,Kessiah Guyton,09155 Superior Terrace,675-608-9915
18-8587927,28,Ardelle Tenman,05 Forest Run Point,820-564-8762
60-3475468,16,Dagmar Spoward,7101 Cordelia Street,415-752-0425
76-1447174,7,Nissy Frankton,6 Schurz Junction,942-636-4858
49-3723587,43,Sibyl Trembey,19815 Trailsway Point,427-887-2350
50-6877334,20,Bartolomeo Dundridge,239 Main Park,652-491-7438
46-8289274,39,Laurel Ruffles,429 Bashford Court,845-299-4307
21-9348002,3,Jeanette Brandes,7 Debra Street,825-934-4353
57-4430890,19,Karney Pering,28 Corben Lane,379-141-0378
26-0081364,46,Gayler Drew-Clifton,7627 Birchwood Junction,573-578-1148
58-7420176,16,Wald Vowell,704 Summerview Road,467-464-0434
60-4580778,49,Tomlin Yurlov,1660 Butternut Center,532-414-4191
81-5520611,25,Gabbey Law,6580 Pond Terrace,109-837-1345
33-6665484,34,Bryce Rimer,928 Shasta Park,208-609-9037
94-5091567,13,Worthington Rays,39124 Logan Place,658-377-2430
84-6775348,46,Feodor Sneyd,19717 Hoard Junction,553-147-7135
03-2697395,32,Crista Piggrem,4048 Carberry Court,113-558-3540
20-9607503,12,Jermain Pirelli,5856 Red Cloud Plaza,276-222-3875
10-6976270,3,Carolina Dighton,366 Sunbrook Way,643-766-8726
35-3246034,17,Jeanelle Short,67923 Waubesa Alley,812-951-9733
10-2705541,39,Jennee Raddenbury,310 Calypso Hill,197-958-9454
14-9501417,17,Mady Gurge,403 Park Meadow Drive,164-904-5778
83-7957126,31,Koressa Kalinowsky,861 2nd Parkway,419-438-5091
66-7644551,43,Gene Gillings,37 Bellgrove Circle,424-927-8665
67-1658137,28,Linell Cinderey,4 Artisan Pass,828-919-1982
36-5086317,50,Randy Redshaw,046 Scott Court,402-744-8186
69-2912856,10,Calli Hayden,5266 1st Crossing,946-855-3258
51-1225944,46,Tudor Fathers,4 American Trail,939-434-0012
55-2183718,14,Phylis Cremer,419 Ramsey Avenue,694-988-2745
64-9031158,39,Shelton Woodage,6 Washington Drive,787-977-8556
75-0020844,30,Marcus Lankford,6915 Kensington Place,288-655-0775
94-9248083,31,Hymie Lincke,2 Killdeer Hill,737-688-0428
44-0985753,37,Johnathan Cheater,25522 Pleasure Junction,993-618-4316
58-1954592,33,Evyn Bampkin,654 Eagan Lane,911-103-9726
84-5180798,44,Fleming Peat,1 Barnett Pass,944-718-0904
19-6554874,8,Tonye Esparza,85107 Scott Way,391-788-4988
83-9742054,37,Rusty Farnan,472 Farragut Street,714-915-6875
27-6854806,10,Ralina Pennino,143 Blackbird Center,962-930-0668
32-6562940,23,Garreth Henkmann,5 Golf Course Hill,764-322-4949
30-3100330,46,Debby Meeus,66352 Novick Road,558-766-8723
09-2162779,27,Denny Royans,1 Logan Trail,271-763-4987
27-9880014,47,Dulci Edbrooke,07 Butterfield Point,634-785-7668
88-8856750,15,Heywood Scoggins,31 Onsgard Street,981-866-4300
85-5014886,37,Katrinka Scough,28 Butterfield Pass,321-187-7991
95-7429742,31,Noelle Bare,451 Grim Lane,841-706-4732
12-6171865,25,Mada Fealty,592 4th Crossing,585-816-1332
92-3983924,21,Weider Weatherdon,3662 Northfield Way,746-219-1962
52-7421914,19,Rickey Houliston,8 Karstens Plaza,998-106-2319
23-7831871,13,Halette McKibbin,31 Messerschmidt Point,697-456-3154
79-5400231,9,Uri Verecker,8 Lien Court,845-420-6031
84-5340038,40,Lou Allingham,72 Northport Center,312-153-9533
09-7915395,23,Fara Mowat,05969 Hooker Court,331-594-6250
33-7259260,26,Tamqrah Castanyer,3 Garrison Terrace,414-160-6263
41-8323465,27,Rubina Canadine,4 Shopko Place,673-724-0162
69-7109273,4,Ethelin Cowe,91 Morningstar Crossing,754-423-6417
91-2223978,45,Shandy Loraine,2 Raven Lane,696-489-0832
10-2505070,23,Niko Tamburo,79 Dapin Way,945-107-6573
57-4824654,25,Arlin Karpinski,621 Michigan Terrace,727-375-7885
27-6731162,27,Andonis Glanfield,437 Bunker Hill Avenue,726-586-0777
16-8759396,17,Theressa Jahnig,7084 Burning Wood Center,189-617-1241
81-8429828,3,Jammal Merman,92124 Hoard Center,994-444-2611
69-1441470,22,Kelcey Eck,61 Esch Parkway,393-272-7117
84-5649436,20,Zack Hambers,5 Randy Alley,728-877-0821
42-6110744,2,Linnet Gildersleeve,321 Fulton Way,772-989-7550
73-6286775,17,Ringo Flahy,0 Lunder Trail,521-491-3364
91-4939461,10,Theressa Linbohm,5 North Hill,762-820-8336
27-2081514,4,Blaire Fieller,2830 Susan Way,611-586-9694
07-5402658,12,Elizabet Agget,40 Canary Trail,724-495-2988
21-1581984,21,Jarret Bernollet,6319 Mifflin Trail,700-674-0431
56-9675678,32,Griswold Rushman,92 Lukken Alley,711-391-6900
54-7454172,35,Anissa Ailmer,9709 Anhalt Lane,701-153-6549
35-2942029,19,Lizzy Readhead,4376 Farragut Point,234-207-0113
33-0405287,15,Lucky Donett,83219 Moose Park,920-265-8738
40-3926706,40,Cynthie Malatalant,783 Rockefeller Parkway,961-540-6305
60-3482794,14,Meghan Colombier,7861 Florence Place,819-428-6223
45-5466866,20,Sebastien Horbart,9051 Banding Court,791-430-9263
80-2661293,33,Roger Guidone,67 Mockingbird Street,315-466-3965
24-3573974,40,Barry Pratton,003 Towne Terrace,795-140-7634
07-0243674,30,Durward Mc Andrew,2097 Dawn Point,731-597-5026
23-3258106,8,Cedric Chardin,63239 Sage Court,672-139-3849
19-4096807,40,Vernor Ensor,8 Daystar Street,530-658-5555
94-6097082,37,Camel Niccolls,3308 Briar Crest Plaza,445-982-5064
50-5087460,49,Penelope Nisot,809 Evergreen Lane,763-948-6927
46-9246643,19,Niel Carrel,3262 Grim Court,463-217-7140
68-5685158,35,Aldis Scare,6 Brentwood Way,616-911-5298
84-2871906,48,Mercedes Steen,24730 Transport Drive,133-728-5464
92-3208784,45,Corrianne Geale,34581 Dwight Junction,147-721-8603
31-4426448,34,Neal Thickpenny,3161 Victoria Street,292-852-3429
62-9180242,21,Karna Hadny,6 Colorado Park,965-273-7987
56-7568240,2,Aubrie Ramas,0411 Mandrake Way,856-684-9420
81-1857239,47,Bridgette Ancliffe,9499 Esker Place,781-952-2024
69-2148061,50,Dilan Penhalewick,55743 Petterle Pass,251-538-7993
26-9704773,34,Lucienne McOmish,3 Forest Dale Center,403-477-6705
20-9941030,8,Marianna Crew,92 Amoth Plaza,471-474-7994
11-8362757,39,Sheffield Griggs,76 Westerfield Trail,810-915-9205
72-6255129,6,Lion Lindner,851 Village Crossing,866-783-2861
16-9029720,37,Tamra Semple,4113 Barnett Center,820-152-7566
53-1040876,25,Nydia Randalson,138 Autumn Leaf Hill,587-601-6522
40-1073473,37,Darnell Milbank,14133 Mayfield Point,243-823-2148
33-7374772,17,Danell Karpol,3 Sullivan Circle,611-785-6266
25-8554066,50,Vinnie Pockey,06 Northfield Place,621-349-0126
75-5753735,7,Allianora Dinse,002 Helena Hill,218-313-0558
14-5115520,41,Miquela Horrell,2 Armistice Plaza,180-284-6478
35-3451249,38,Case Wermerling,6110 Hoepker Park,101-906-5989
64-5785498,25,Romona Throughton,99 Sachtjen Alley,461-382-4599
32-0834676,19,Shirl Threadgould,691 Northport Point,242-243-2213
03-6556985,2,Nancie Sherrell,5112 Gateway Circle,159-453-0224
00-7752897,20,Nicolette Syrad,261 Comanche Center,830-364-9769
31-1029910,49,Mattias Bothen,60184 Pepper Wood Drive,604-694-5856
92-8412539,14,Jackie Buist,00301 Pierstorff Park,398-852-1087
46-4723847,4,Faith Cavil,937 Ridge Oak Way,402-243-0829
64-6971197,12,Davina Rickwood,244 Springview Alley,381-357-0273
79-6755679,3,Mellicent Stonehouse,9084 Ohio Drive,851-755-1692
76-2145977,6,Germaine Horick,191 Esch Avenue,666-478-7658
71-8948455,18,Marcus Jeskin,1697 Del Mar Junction,940-856-1510
49-0396623,37,Neel Zavattieri,86389 Hauk Junction,379-639-0537
51-8452870,49,Pebrook Mitrikhin,07 Buena Vista Alley,483-936-9172
46-5019629,16,Walton Fleg,1 Mallory Point,777-767-9091
71-9330265,44,Wylie Boothebie,69 Barby Trail,210-243-7143
93-8414915,23,Axel Jump,78 Stephen Terrace,164-554-2962
30-7479998,47,Pierette Syplus,71 Buhler Avenue,533-923-3344
86-0748072,34,Brynn Philps,200 Thompson Avenue,405-334-7814
24-5618458,36,Syd Hill,892 Esker Lane,254-391-5924
42-8050586,42,Leda Ratke,7023 Lakeland Avenue,677-938-6211
17-5948638,30,Rozanne Hug,70101 Mesta Place,298-443-3944
87-2542291,8,Quint Starking,4607 Sullivan Pass,411-215-8769
41-7333977,39,Jock Carn,60571 Sage Drive,528-384-0415
67-6607089,28,Louisa Merkle,22 Green Drive,728-720-2867
07-9486893,24,Nalani Bellfield,4 Schurz Alley,459-691-5669
30-6109088,20,Cody Oade,85 6th Place,241-630-9039
63-3532029,46,Tresa Fiddy,771 Independence Center,882-278-2764
27-7358309,2,Jacquette Chettoe,39002 Miller Crossing,536-446-2690
27-9875251,20,Dallas Stiell,23 Fallview Pass,255-739-2327
41-3544670,6,Cristiano Cary,32 Judy Pass,455-766-8542
46-4802495,8,Dukey Pasby,3344 Oak Valley Way,223-762-4698
16-9878027,35,Andy Sapauton,5 1st Court,507-762-5240
61-6758179,32,Josey Done,5 Ridgeview Junction,588-867-1673
25-5705448,8,Nolly Cordingley,898 Dexter Center,291-796-3741
33-0053952,45,Marisa Mogey,2768 Jenna Hill,929-474-8510
08-4184624,24,Johna Gorick,183 Thompson Center,874-426-1226
70-8084632,44,Hanan Botler,234 Fieldstone Junction,190-771-4722
40-5614865,8,Hugibert Bleby,49 Almo Road,783-744-2494
54-7300617,11,Liam Prentice,5669 Homewood Pass,442-280-2000
07-5206214,1,Skelly Paullin,18 Kingsford Street,413-388-3531
46-2349880,24,Nanny Mosey,6 Lien Street,673-263-5343
11-1787794,8,Eada Aulds,0627 Di Loreto Way,441-779-0602
73-1864056,11,Nona Dasent,93 Dixon Circle,611-381-0003
40-9397860,45,Biron Sholl,7704 Melody Place,977-200-0288
97-2070752,20,Dasi Gardner,69892 Gerald Court,491-926-5362
24-9230406,44,Constancia Anstis,43 Eagan Lane,953-681-9681
13-0230533,17,Early Baillie,99 Mayfield Center,745-541-6241
39-9832696,3,Ericka Tofanelli,35029 Mariners Cove Point,617-526-2346
69-0347501,23,Jeanelle Gommes,7859 Ronald Regan Drive,172-474-8576
32-5711192,25,Bennie Dunbleton,12938 Bunker Hill Parkway,157-439-7494
36-3855250,7,Noe Brearty,25 Surrey Park,908-130-2048
22-0293147,13,Danette Paine,7255 Bluejay Park,141-944-2924
90-3772514,21,Casey McGibbon,0 Comanche Plaza,832-919-3156
30-7944492,1,Ellery Glastonbury,60648 Rieder Place,661-523-8659
05-3815112,28,Ermanno Reimers,8585 Reinke Hill,252-229-7887
42-4260842,2,Shanan Clerk,1 David Plaza,150-278-9106
89-9820951,50,Maximilianus Blonden,365 Mcbride Road,398-719-8183
16-1590365,28,Sapphire Galbreth,601 Wayridge Avenue,597-315-4174
48-9187552,12,Zabrina Coles,7716 Portage Center,769-438-2352
61-8332370,45,Germaine Dagon,6 Lighthouse Bay Junction,954-714-8484
87-8445889,25,Sam Trehearn,545 Veith Terrace,940-485-3936
66-3901476,15,Reidar Claypole,6 Spenser Point,445-607-0696
94-2380260,28,Brigida Ormston,197 Lien Trail,395-991-6558
34-3186266,3,Dianna Janton,61103 Ryan Point,609-903-2294
14-9709761,13,Mella De Bruijn,54 Hovde Circle,669-650-0209
03-4207744,12,Aurelia Bowe,59 Kinsman Alley,101-430-2327
01-3669604,12,Lonni Weadick,3914 Melrose Parkway,340-326-8624
30-7335545,20,Wyatan Skones,27 Calypso Avenue,985-802-0858
09-8908595,24,Anabelle Bulcock,4 Burning Wood Plaza,414-308-7823
10-9973331,6,Cleavland Jencey,5699 Manufacturers Place,851-587-8696
56-8436923,36,Juan Kennifeck,12 Chive Alley,534-350-3679
45-4569543,2,Gale Leishman,80 Declaration Circle,812-667-2862
60-3043973,35,Tobe Hamnett,41 Reinke Place,988-205-2274
46-3956048,42,Babita Douthwaite,54256 Bonner Junction,253-334-3957
15-1165766,25,Thacher Finby,85399 Lotheville Park,627-285-1840
06-0364356,40,Hazlett Pinks,273 Schurz Road,457-873-5698
24-0946592,19,Austen Olivera,01 Holy Cross Avenue,940-699-2568
93-7186926,46,Tabb Rosbrough,2 South Lane,956-815-0726
77-4949113,3,Madlen Siggin,4 Schurz Drive,346-259-7882
97-2070771,3,Angelita Bidmead,935 Tennessee Point,475-661-2724
64-7620629,37,Allyn Hamblin,17392 2nd Point,420-667-4205
44-5658616,48,Burtie Jagger,986 Havey Drive,667-151-4639
36-6966915,26,Paige Jamieson,1 Meadow Vale Drive,650-240-4334
67-7426370,33,Jennica Lickorish,5330 Kensington Trail,982-101-0617
07-3329802,12,Craig Beagley,742 Pankratz Pass,975-747-5615
55-1977723,8,Perla Croome,438 Derek Trail,667-414-4516
62-2348252,44,Brand Honisch,0757 Victoria Alley,935-646-7893
06-7321403,3,Amelina Woodfield,14 Emmet Plaza,114-895-7642
98-0614262,17,Licha Quadri,53858 Jenna Junction,455-224-8278
67-7723435,19,Peyter Kilpin,39 Artisan Crossing,766-603-2219
90-8054882,33,Phillipe Duguid,860 Sage Lane,707-575-4292
77-5177138,6,Cos Dymond,211 Merry Lane,834-604-3324
90-7563215,27,Jamison Bosley,97793 Fisk Lane,643-353-4801
16-0218852,50,Layne Yakebovitch,4256 Becker Drive,870-242-6379
43-8650268,21,Emmeline Hearons,32 Armistice Way,864-896-7027
54-1699086,5,Eldin Sumpton,49563 Fuller Point,342-464-3839
49-0885981,16,Gwynne Fowkes,040 Anzinger Hill,865-732-1673
84-2991993,6,Emile Nutbrown,33 Linden Center,189-485-2665
49-3098133,30,Rosemary Walklett,6 Fieldstone Center,275-438-3223
01-8047631,19,Phyllys Millson,5834 Westport Trail,872-799-8254
57-4895907,38,Benton Blankman,6396 Glendale Circle,415-990-7526
21-4035419,38,Alfred McMurraya,56 Memorial Center,144-436-7845
01-3921781,24,Jimmy Heppenspall,314 Corben Center,495-838-9828
55-6097258,35,Rex Winmill,2 Mallory Way,917-101-8187
03-0898193,21,Perice Bunning,814 Milwaukee Parkway,145-292-7186
25-0619943,17,Kendell Stoggell,2 Russell Junction,490-634-6175
54-4681349,4,Patty Jukes,3147 Hagan Hill,811-504-4697
45-6632532,38,Preston Beumant,30645 Messerschmidt Avenue,658-808-2135
59-5409127,8,Georgiana Bravington,58401 Merry Alley,998-584-8299
72-0218202,48,Tiffi Ivushkin,594 Quincy Place,627-208-3062
56-0725111,33,Elvina McDermid,15 Beilfuss Pass,491-188-3852
51-3979534,17,Leela Fellenor,59996 Bartelt Park,990-908-4131
89-1967766,14,Kalina Grissett,8777 Bellgrove Place,381-622-2545
50-8545002,39,Tiffanie Dunning,6 Northwestern Center,921-719-5240
04-2278862,40,Milty Saunders,02 Bay Street,887-729-8793
60-0017399,18,Ianthe Esgate,6785 Sutteridge Junction,490-960-5798
76-6939915,26,Odille Erb,10 Transport Way,614-295-3474
34-3918702,32,Sophia Faye,46 Main Street,524-364-1836
86-8389554,11,Jessey Neal,389 Thompson Point,486-568-2542
28-4277217,3,Montgomery Kenrat,29 Green Ridge Hill,775-648-7243
91-9904089,18,Morgan Safhill,3172 Talmadge Trail,535-935-8214
81-1533630,33,Camilla Harbin,8 Longview Avenue,212-925-6710
82-8913971,47,Briney McKeller,6 Thackeray Drive,704-693-6668
92-2576916,33,Evered Di Giacomo,03 South Street,892-207-0229
22-9367450,26,Raphael Truter,30966 Buell Junction,561-656-7168
83-5356832,34,Giulio de Keep,783 Northland Junction,404-250-2204
03-0919410,5,Seka Braywood,0 Fieldstone Circle,337-312-7230
50-5472152,44,Harvey Ouchterlony,133 Rockefeller Terrace,979-306-1763
72-1102586,41,Tobiah Goatcher,08 Dennis Alley,964-462-0183
80-9484214,38,Ebonee Burras,9 Prairie Rose Plaza,965-150-6399
62-6078847,41,Jarrad Floodgate,99805 Surrey Street,223-232-6448
44-7626864,29,Nick O'Lagene,5 Autumn Leaf Drive,806-805-3025
43-4873639,27,Barbaraanne Broadhurst,23718 Kings Street,512-382-6595
80-1235273,2,Beverlee Nigh,2 Harbort Crossing,940-346-1319
04-1994057,46,Mei Marc,030 Sutteridge Way,587-378-1548
88-5976450,41,Robinet Dillet,6 Vidon Plaza,679-489-7696
66-6815133,37,Sandye Yakunin,33494 Nevada Terrace,178-164-6660
78-9522136,5,Marshall McNeice,190 Nevada Plaza,670-762-2255
90-9809355,16,Jen Hupka,59966 Warrior Alley,848-835-6010
83-0971799,35,Arlene Francklin,44 Harbort Way,392-732-2953
70-3899863,11,Garrek Crab,5805 Westridge Place,756-995-0850
54-6104737,48,Gabriele Dalrymple,52070 Northport Pass,840-301-6678
80-7062990,10,Barret Bowich,238 Golf Road,764-764-5725
17-6205358,42,Allegra Emes,620 Kropf Center,125-783-3029
83-5734047,18,Donnajean Coffey,58 Sheridan Parkway,591-541-0615
94-3188927,40,Jesselyn Speedy,8443 Hanson Hill,438-781-6994
19-6558922,4,Thadeus Feveryear,48 Bunting Court,112-842-8819
89-9684991,9,Barry Gallichiccio,2722 Mesta Place,111-824-1146
96-4858315,12,Mariellen Lissemore,79469 Cambridge Lane,405-714-4003
98-3444380,37,Devlen Nelhams,727 Blue Bill Park Place,543-841-8972
30-1468710,15,Ceil Readwin,22 Mitchell Terrace,533-397-0166
86-1637885,45,Wang Gerrill,28 Union Parkway,701-688-6786
54-8804543,9,Prissie Hanes,06882 Northview Lane,161-935-4965
05-9975779,41,Seth Faunch,85 Union Street,438-504-9268
12-5928974,14,Price Botright,7 Vidon Court,959-501-9549
90-4993618,31,Prissie Stapley,086 Johnson Plaza,850-679-2843
04-9886371,40,Sidonia Cordier,94796 Valley Edge Lane,746-186-4210
59-6793090,39,Monika Baistow,94718 Surrey Plaza,387-256-3802
47-9901701,29,Saunder Pawden,42 Shoshone Trail,353-875-4181
52-2315177,11,Cynthie Stockwell,394 Pierstorff Court,491-853-7379
80-6418221,26,Benoit Crummay,86428 Westridge Pass,648-157-9788
27-0107346,30,Othilia Guidetti,341 Stuart Street,378-849-3414
00-9187913,11,Gus Dumbare,8917 Fordem Center,979-488-3588
45-5816809,7,Maridel Lathey,532 Cherokee Pass,836-181-1918
30-7775588,50,Rafaello Goodlud,7301 Linden Drive,810-569-6071
18-4481410,24,Leanor Downage,97648 Carpenter Parkway,703-700-8372
92-6040830,30,Griz Loughlin,91033 Hollow Ridge Terrace,804-320-0514
28-8247690,12,Madelina Carlisle,35605 Rowland Junction,236-316-2510
24-4865979,28,Ree Skacel,6 Pierstorff Park,837-120-5654
56-0298641,49,Bald Giovanardi,20 Russell Junction,636-672-8140
26-8211927,38,Roi Goulthorp,94003 Northport Street,605-303-1613
65-6241366,10,Brooks Goodyer,40 Debra Place,779-697-1989
70-1532469,25,Toby Strathern,6 Shopko Junction,800-831-2256
44-0428347,14,Herman Toffolini,1 Basil Plaza,925-607-5501
05-6897358,17,Eyde Spellward,87 Lyons Plaza,670-780-6370
92-9257476,27,Ibbie Hourigan,42704 Londonderry Hill,526-484-0801
35-0923687,31,Doro Ellerby,3404 Corry Trail,737-245-0797
98-0576379,42,Lin Janaszkiewicz,52919 Colorado Parkway,214-960-1203
33-1079559,11,Zach Sausman,7472 Fremont Drive,320-885-2008
79-6420645,27,Frasco Kleynermans,99717 Crowley Circle,629-690-6467
59-3198280,29,Piggy Algeo,2435 Dovetail Street,699-973-8085
06-0914965,10,Rhodie Bulch,29952 Westerfield Street,106-521-1781
37-4335526,47,Panchito Tompsett,50317 Gina Park,570-690-3952
44-3448867,18,Lonnard McFall,94091 Caliangt Alley,145-732-3374
80-7608276,26,Brittan Rumens,7 Hoffman Street,398-560-2205
94-8339377,44,Smith Crocket,4 Warbler Circle,565-295-5735
05-6438421,13,Cesar Mancer,7 Elka Pass,727-187-0952
56-5318852,35,Mattheus Rampling,7 Nevada Alley,272-102-8284
85-5505896,22,Aurel Bent,2 Green Road,769-224-1155
42-2938646,28,De Lyptrit,11006 3rd Crossing,703-816-5316
69-7385768,9,Leelah Djurevic,9517 Florence Drive,290-768-0233
24-9632826,1,Idalia Wornham,809 Surrey Park,193-128-3401
47-4398865,44,Estell Raymond,9 Barnett Circle,326-281-7841
20-7719846,2,Renaldo Danigel,841 Hudson Circle,422-437-7664
12-2096620,29,Elladine Czaple,36726 Randy Terrace,474-317-5584
77-4476168,39,Darcee Scane,3250 Corscot Center,560-256-6287
15-0243341,15,Carmela Shermar,0065 Cardinal Street,806-759-6009
59-6293687,50,Gardiner Rousby,9960 Kim Place,681-876-4251
76-2846148,50,Theodosia Tuiller,00 Schlimgen Street,806-987-3480
12-0759769,38,Monty Stevens,7 Chinook Parkway,263-234-9256
96-6083727,13,Bibi Murrison,008 Spohn Alley,256-911-1376
02-1733139,22,Hillie Flarity,77 Parkside Street,613-952-5903
80-7443743,32,Turner Brotherhed,74 Kings Avenue,516-262-9327
48-9253348,6,Heda Sawle,3440 Hanson Plaza,879-782-1792
67-7169916,20,Bram Swanton,599 Washington Hill,871-927-1434
92-1201840,14,Sherrie Geraudy,577 Ludington Street,955-420-1236
15-7275855,7,Randolph Gerraty,2 Calypso Hill,169-963-9562
68-8586858,4,Florence Matfin,8124 Pierstorff Road,767-799-4863
67-8708755,8,Cary Yurevich,7194 Packers Crossing,479-658-6808
49-0870051,33,Cesare De Blasio,11 Village Green Alley,262-400-0846
24-7856634,48,Carroll Moore,754 Express Road,720-559-8129
20-6881163,28,Lenka Poynser,55796 Glacier Hill Drive,398-608-3774
37-2795239,27,Sergent Baber,3945 Duke Way,542-798-8107
04-9234167,19,Viola Bouchard,9959 Granby Terrace,938-652-1903
12-3047032,13,Andreana Broad,928 Kennedy Pass,354-827-3656
97-1843970,18,Jennica Halso,824 Oak Trail,732-401-7044
56-3946158,33,Sargent Grimsdell,7599 Victoria Road,481-237-0415
10-6220816,45,Chloette Molyneaux,29291 Calypso Park,756-568-1911
00-3402970,43,Hagen Bailles,9041 Schlimgen Road,419-581-8592
72-2483323,8,Felicity Sapena,9535 Moose Point,953-811-8007
54-5807973,50,Ashby Lamberto,48512 Mitchell Hill,689-767-8904
30-8433770,20,Ripley Heild,9719 Mosinee Avenue,571-628-6269
73-3873908,42,Dniren Relf,9399 1st Way,984-381-2772
40-4041809,18,Britte Ruprich,15 Golf Course Plaza,928-361-6438
12-7496495,30,Billie Stapells,08891 Pierstorff Court,963-900-9507
63-5282309,5,Mauricio Ingledew,00 Holy Cross Avenue,101-998-2875
47-8236085,3,Ofilia Soles,2459 Armistice Avenue,930-528-4678
68-6933930,9,Martynne Manwaring,324 Northland Pass,847-946-8189
87-1852124,33,Tiffanie Curragh,500 Sutteridge Center,424-633-0932
18-8262854,49,August Johnson,2249 Randy Way,122-498-9279
53-3059518,42,Joe Hawke,6 Sunbrook Way,249-448-6305
19-9691853,45,Ninnetta Morgan,09 Warrior Terrace,637-173-8056
97-7208483,49,Cordelie O'Cahsedy,19 Stone Corner Circle,723-990-2334
56-8232139,38,Kylila Devigne,7497 Cambridge Center,265-585-5585
49-0244988,36,Candide Breadon,87 Judy Street,869-956-4321
11-3135865,41,Vladimir Flooks,45 Montana Plaza,405-344-3377
24-3107340,15,Merrilee Will,88360 Lawn Court,957-406-6206
80-0131548,13,Alameda Matysiak,15 Di Loreto Point,365-726-5353
16-2673279,21,Emmey Arkle,2 Fair Oaks Avenue,560-302-5969
17-1622593,21,Giacomo Care,20901 Pine View Center,232-955-4526
65-6235238,47,Rhonda McNae,64 Hayes Lane,298-136-4420
43-1962397,4,Ly Carnow,2 Bluejay Pass,262-506-7572
35-0411090,34,Kevina Grzesiak,206 Melby Terrace,334-146-1204
36-9192762,29,Ilka de Mendoza,615 Lillian Court,339-488-9576
72-4954543,18,Denys Strawbridge,84716 Goodland Hill,777-877-8225
43-8720653,36,Kaela Giovannoni,6 Golf Junction,174-590-3383
07-4678854,37,Hildy Causbey,50995 Miller Lane,602-393-1188
25-2925613,43,Oran Edds,494 Sherman Center,473-357-9183
93-0412593,50,Elysha Lynd,1 Iowa Plaza,225-381-0985
29-1737566,7,Tybalt Jelf,8 Swallow Court,654-397-4666
72-1749810,38,Alfie Braysher,96803 Burning Wood Terrace,139-956-5018
10-5741533,47,Emmet Atger,06227 Summerview Drive,606-260-6240
77-6844874,24,Sisile Portch,678 Ridge Oak Plaza,776-750-7720
79-0472296,2,Berti Mellodey,22 Fordem Court,861-875-2217
66-2458408,22,Bliss Pepin,6 Jenifer Alley,669-678-4312
05-9812153,12,Kelly Androck,7 Summer Ridge Center,151-738-4413
35-8090713,38,Kissee Kennler,2 Eagle Crest Crossing,429-668-8372
85-6546698,49,Paton Twitchings,912 Northland Alley,945-137-6566
05-5789902,34,Gavrielle Krause,72 Algoma Court,609-282-7564
82-2837215,1,Louis Brouwer,77 Tennessee Lane,206-903-6432
49-1818511,48,Barbee Tod,73037 Hazelcrest Road,994-668-5332
94-0191121,43,Penrod Cattemull,55588 1st Terrace,288-665-7194
20-1257232,42,Uta Rishman,7866 Kedzie Trail,834-119-6674
46-5157441,37,Carmella Grivori,79 Hoepker Way,497-818-8413
