passengerId,passengerName,phone,address,covidTestResults
108-80-6653,Javier Goldsack,103-482-0054,3636 Banding Center,negative
103-68-7587,Nero Dundredge,527-736-2375,2052 Sundown Way,negative
714-32-4803,Peggi Trundell,470-807-3142,80 Muir Drive,negative
301-66-9038,Alicia Francesconi,629-562-5612,1555 Commercial Hill,negative
494-02-0084,Franny Scrivner,864-517-0549,069 Clemons Place,negative
587-86-4143,Even Mayell,767-735-9921,6476 Trailsway Way,positive
872-76-1880,Jereme Drable,355-878-0668,34016 Dryden Hill,positive
505-88-4215,Henrietta Yoxall,987-177-7203,9 Starling Alley,negative
157-30-7732,Aube Bedrosian,989-687-9594,301 Fallview Plaza,positive
635-75-0697,Brandice Rickcord,905-945-8020,31 Sugar Drive,negative
834-96-3329,Joly Bergeon,439-389-3801,09 Hauk Lane,positive
784-51-5100,Nerissa Billion,610-556-4101,1145 Fisk Terrace,positive
805-81-3309,Nanci Angless,316-224-8242,05 Randy Avenue,positive
400-42-9057,Woodrow Blunn,562-300-2368,749 Del Sol Lane,negative
557-18-3122,Brucie Ollett,249-179-5469,33984 Texas Crossing,negative
829-53-8467,Dore Parnell,599-315-8265,383 Warbler Pass,negative
512-08-2987,Donielle Defries,314-930-0332,139 Emmet Avenue,positive
507-23-6788,Lawton Mathivon,623-886-7976,7 Carberry Point,negative
801-44-4982,Kandy Harbar,786-124-7122,30978 Tony Road,positive
185-75-0740,Jeannine Segges,592-816-3075,4642 Mcbride Parkway,negative
706-90-7602,Pauly Biggerstaff,426-830-9475,584 Sunbrook Way,negative
357-93-4550,Sancho Cleeve,659-676-1659,0 Bunting Trail,positive
716-01-5148,Nelson Whiffen,200-138-3410,7646 Sycamore Parkway,positive
322-45-3204,Donny Dwelley,391-911-7614,017 Annamark Plaza,positive
175-06-6230,Berkeley Pounds,241-870-9109,29454 Hollow Ridge Hill,positive
538-05-6625,Clint Haps,518-358-5625,663 Packers Place,negative
371-33-3753,Vaughan Zettoi,829-888-2041,39763 Spenser Lane,positive
158-86-7747,Beverly Lumley,140-449-0693,6208 Tony Road,negative
486-76-7494,Charil Droghan,208-505-5251,5 Fairfield Alley,negative
820-02-5115,Gallagher Rosenstiel,557-367-9933,7 Heffernan Junction,negative
886-50-9583,Teresita Tenny,932-828-8789,8505 Bowman Court,positive
222-25-5951,Lorry Wingatt,570-604-3606,96164 Mccormick Road,negative
819-59-8381,Idell Gelland,811-168-4295,9 Miller Point,negative
807-05-4341,Tony Greatbanks,519-943-1360,3464 Moulton Crossing,positive
831-40-8930,Kore Gainseford,953-637-3604,0196 7th Drive,positive
683-27-6365,Sherilyn Wyche,612-881-5144,8 Melby Park,positive
392-65-3641,Murvyn Doucette,271-789-6645,60 Dorton Pass,positive
816-51-0064,Napoleon Salmon,118-916-7052,87 Muir Lane,positive
271-13-4837,Pooh Brayn,630-907-5825,98963 Rigney Road,positive
614-39-7686,Kalila Cheake,704-135-1038,022 Morrow Way,negative
222-67-7316,Evanne Questier,464-620-0390,420 Lake View Alley,positive
817-30-3274,Anissa Somerville,417-612-2905,3598 Ramsey Center,negative
604-58-8829,Karna Espinay,745-601-1700,98467 Alpine Terrace,negative
218-62-9150,Giselbert Peattie,531-840-1013,044 Vera Avenue,positive
736-13-5518,Sonny Leaf,363-820-8455,22 Melody Place,positive
171-82-6467,Fionna O'Leahy,306-298-4899,63478 Emmet Circle,negative
740-63-6650,Harley Wotton,422-865-2647,57482 Daystar Circle,negative
781-40-4220,Waverly De Witt,871-343-0847,3606 Mendota Drive,positive
190-67-5469,Papagena Bohling,461-153-1756,98 Cambridge Street,positive
859-53-1824,Lind Surtees,693-226-2610,174 Blue Bill Park Hill,negative
564-87-1657,Sianna Curry,318-168-3493,406 Spohn Court,negative
662-97-2896,Torrence Wimes,816-484-0606,71 Packers Court,negative
349-45-4251,Gusti Hassall,837-449-4483,2 Bluestem Trail,negative
135-01-9524,Emelia Rubinowicz,794-729-1377,06548 Stuart Street,negative
518-98-7653,Ingeborg Sinnatt,369-893-4494,0352 Loomis Lane,negative
436-42-0351,Bren Jorck,219-360-0136,616 Maryland Avenue,positive
379-52-5920,Letti Addy,259-479-7979,20486 Clyde Gallagher Crossing,positive
750-93-9352,Lucio Shellshear,805-421-9704,95 Butternut Terrace,positive
892-11-8930,Bryn Keunemann,388-666-4362,7 Leroy Circle,negative
245-43-0234,Merla Garrals,941-282-6072,051 Leroy Drive,positive
893-83-3853,Kaela Proffer,836-157-7386,36627 Myrtle Park,positive
123-66-6035,Kandace Ungerer,910-322-9555,91476 Weeping Birch Junction,negative
797-32-1058,Lulu Calderonello,229-864-6338,4 Graceland Park,negative
418-11-5469,Dwayne Ayer,978-271-3430,16 Stone Corner Circle,positive
177-32-7733,Tabbie Rouse,446-133-8409,3 Dayton Circle,positive
781-16-1604,Duffie Hartshorn,555-811-7575,706 Shasta Lane,negative
656-30-1906,Reinhard Stoop,870-768-9427,022 Charing Cross Place,negative
819-82-4278,Lora Hudleston,911-371-0472,175 Clarendon Avenue,positive
779-99-4773,Vonny Van Geffen,425-584-6969,2 Stang Street,positive
515-61-3225,Kin Jeannel,822-179-8447,28827 Pennsylvania Way,positive
565-52-0291,Rheba Ransley,595-272-5770,1770 Express Circle,positive
371-05-7084,Susanetta Brettle,313-865-3780,4642 Red Cloud Junction,positive
758-63-2260,Woodie Calven,101-632-0473,40 Armistice Crossing,negative
794-43-0437,Hardy Nicol,141-403-8191,551 Sage Crossing,positive
585-64-5266,Jakob Godspeede,194-713-0000,212 7th Trail,positive
403-79-4759,Dixie Isakowicz,293-331-1361,7173 Golden Leaf Pass,positive
434-14-1387,Andy Goodyear,128-449-0741,6 Forster Trail,positive
436-44-1931,Lianne Trump,400-544-0071,818 Pankratz Lane,negative
318-03-9396,Carmon Rushford,659-514-1120,56 Carey Circle,positive
667-33-4458,Cecilia Conor,874-278-0089,74 Loftsgordon Way,positive
302-33-4306,Gabi Bonwell,205-473-0463,51318 Portage Center,positive
194-84-7389,Caitlin Simester,633-420-7250,77 Florence Lane,positive
341-86-0960,Zebedee Argent,391-842-1932,76676 Mayfield Road,positive
455-45-8609,Aldridge Tight,909-895-9868,220 Main Drive,negative
141-92-3014,Shadow Higgoe,127-286-3475,26 Raven Junction,positive
580-89-4161,Heloise Guyton,416-905-7548,42876 Anderson Place,negative
107-48-6596,Kariotta Coulthart,976-552-9872,02 Almo Parkway,positive
897-01-2511,Alastair Grabert,145-348-8705,06 Schlimgen Crossing,positive
746-49-8285,Tawsha O'Mannion,774-730-6668,7187 Sugar Drive,positive
485-90-1726,Forester Beartup,541-851-5297,26827 Union Drive,positive
863-80-6261,Tiena De Meis,411-988-4788,09759 Cordelia Trail,positive
194-41-8422,Lonnard Hoffner,924-822-1718,51285 Riverside Junction,negative
504-27-4014,Ignatius Cammocke,516-365-0815,60616 Lotheville Avenue,positive
645-08-7702,Alex Coppard,887-724-9625,64 Pearson Crossing,negative
534-58-2592,Paul Radford,347-735-2011,05610 Wayridge Circle,negative
178-79-9628,Charlot Bratcher,297-176-3226,3 Anhalt Center,negative
707-83-8199,Alfreda Bransdon,411-289-0391,3 Dahle Circle,negative
627-78-9611,Kerry Duckers,380-619-4466,65 Iowa Avenue,positive
877-67-2008,Aurelea Cross,385-883-0256,785 Valley Edge Court,negative
756-66-8231,Skye Conkie,262-656-6771,862 Kinsman Place,negative
459-25-4677,Donetta Parrington,413-188-8366,56121 Continental Hill,negative
808-91-2831,Nessy Cobbledick,576-689-2178,4 Hollow Ridge Trail,positive
435-63-2219,Clerissa Niave,283-424-9454,8065 Quincy Crossing,positive
717-22-2133,Odey Itzig,669-865-1210,68 American Ash Junction,negative
430-13-9051,Daffie Parsall,777-176-2000,569 Atwood Terrace,negative
100-30-9675,Ethelyn Thireau,828-872-1752,44 Browning Terrace,negative
650-07-5603,Brook Deetch,186-383-6014,0501 Lakeland Street,negative
640-87-8649,Enid Course,782-880-7350,840 Tony Point,negative
332-68-4888,Leeanne Haggith,527-321-3585,796 Maywood Point,positive
653-05-5629,Lois Edridge,187-257-2874,753 Golden Leaf Pass,negative
423-20-7647,Ellynn Boultwood,704-581-6096,1294 Florence Place,positive
711-82-0974,Gui Sheering,181-163-1482,13 American Ash Circle,negative
784-18-0134,Lurline Gaucher,638-209-0360,79198 Bunting Terrace,positive
172-43-9067,Mozes Dransfield,843-254-0927,5257 Fair Oaks Avenue,positive
725-79-9398,Abran Eingerfield,919-785-9603,0 Warrior Hill,positive
639-14-1259,Rosamond Stansbie,545-512-8664,48762 Declaration Circle,positive
389-85-4534,Timmie Attew,844-950-8743,0929 Waywood Terrace,positive
709-21-6440,Corina Newbatt,577-913-7404,1420 Crest Line Trail,positive
665-63-3378,Korrie Capps,152-840-8182,3473 Sunnyside Park,positive
555-53-5807,Olin Maulin,392-167-9172,996 Eagan Circle,negative
404-15-1915,Caddric Trudgian,780-291-8756,21 Knutson Place,negative
168-84-0728,De Mundie,741-226-6278,0 Eliot Pass,positive
834-06-9306,Wendy Dabner,585-436-3962,34 Dottie Center,positive
754-41-4377,Percival Lowde,875-550-0776,35 Bultman Drive,positive
397-20-4859,Thornie Cumine,750-912-8649,94 Moland Plaza,positive
104-04-2707,Pamelina Hinder,176-642-0754,58013 4th Parkway,positive
537-91-9453,Stefanie Frizell,515-641-4732,183 Arapahoe Avenue,positive
713-71-2655,Rodney Frisch,170-670-6406,920 Buell Hill,negative
429-04-2583,Jefferson Dunnett,135-814-1666,84 Petterle Pass,negative
383-26-0277,Ilse Kaplan,924-678-4040,7096 Eastlawn Drive,negative
107-10-3320,Jeralee Dimmne,760-676-2809,086 Dakota Alley,positive
719-36-2640,Barret Gieves,236-355-7383,588 Buhler Avenue,negative
445-19-2400,Brendin Jakucewicz,643-845-3452,8 Eggendart Plaza,positive
539-92-3840,Lyn Ownsworth,893-389-6789,839 Spohn Place,positive
589-70-1090,Beatrisa Huxham,190-925-5966,21057 Cascade Avenue,positive
441-66-4669,Ree Noblet,921-826-5341,40 Sunnyside Park,negative
322-08-0508,Claudio Schonfeld,258-111-5215,0796 Karstens Hill,positive
719-01-6586,Kat Mangeot,287-620-5982,16 Sullivan Trail,positive
630-18-8795,Pail Kobpal,861-326-6624,7131 Mendota Place,negative
817-89-5770,Linnea Bellon,338-375-7172,6 Jenna Avenue,positive
443-31-9318,Gabriela Probate,724-240-1179,32097 Sheridan Trail,positive
264-64-7904,Alex Winslet,386-334-3088,414 Artisan Circle,positive
497-97-9365,Marianna Piesing,892-992-0585,3 Heffernan Avenue,positive
749-73-9392,Kathryn Elsip,213-862-4590,01078 Weeping Birch Road,positive
798-51-0809,Kip Buttriss,448-229-3703,7 American Street,positive
466-31-9757,Arlie Perks,651-972-3114,2 Hooker Hill,negative
157-47-8081,Shaylah Jovovic,957-142-4393,56791 Mayfield Lane,positive
136-16-4848,Kimberly Nussen,472-180-1012,684 Merchant Crossing,negative
413-03-4787,Risa Stoyell,537-152-8038,6632 Orin Drive,negative
692-10-8366,Hube Kenzie,332-467-7700,63346 Main Court,negative
358-23-6694,Ronny Croci,215-424-5915,2981 Elgar Place,negative
342-35-6452,Reginald Beade,210-326-0469,331 Ilene Trail,negative
416-28-1702,Carilyn Billany,100-369-7912,49 Warrior Junction,positive
720-38-5912,Isadore Moyse,183-191-2000,43852 Comanche Crossing,negative
595-71-4824,Shanan Gobat,494-471-3556,6 Charing Cross Street,negative
557-38-0286,Alexei Ennion,217-360-8171,5 Surrey Center,positive
187-60-1927,Nevin Tandey,438-908-6755,83 Dapin Lane,negative
451-31-1208,Kristin Lowder,924-237-8797,1302 Cardinal Road,negative
898-30-2226,Papagena Bezley,678-399-0748,0287 Hollow Ridge Terrace,negative
875-86-9664,Eugenius Flear,626-409-2786,38005 Declaration Street,negative
224-28-9515,Ware McBeith,820-518-6064,47 Paget Terrace,positive
512-39-3747,Clemmie Everix,149-995-2759,6 Saint Paul Court,negative
406-43-8118,Marsha Ockendon,630-288-9589,9330 Towne Place,positive
190-30-6857,Lonee Van Niekerk,722-934-5958,8 Springview Terrace,positive
649-06-0547,Putnam Lobb,772-819-3577,5 Erie Hill,negative
144-82-7573,Britt Fassman,369-778-7526,437 Schurz Center,negative
304-88-9052,Seth Cancellor,773-187-9299,391 Homewood Junction,positive
676-10-3196,Kristal Rainford,817-954-0287,2046 Crest Line Trail,negative
486-76-0160,Gui Renon,321-147-5919,42355 Hollow Ridge Trail,positive
377-98-0359,Dorothea Dauney,127-635-0309,928 Thierer Terrace,positive
849-20-1926,Dedie Stump,997-489-4737,1387 Mifflin Center,negative
407-52-5466,Layne Hakes,207-788-5069,48 Lake View Trail,positive
418-65-8672,Dag Domenici,938-207-4793,223 Orin Crossing,negative
843-10-5373,Bibbie Russi,823-769-0290,7635 Myrtle Pass,negative
608-27-0002,Boyd Gaylor,215-339-2204,175 Artisan Drive,positive
423-02-0046,Gualterio Grimwade,948-825-2732,48992 Menomonie Junction,negative
895-62-0290,Fayette Dutton,826-105-6041,1827 Valley Edge Street,positive
361-55-1524,Cecelia Nicolls,791-264-2646,07 Hermina Circle,negative
222-39-2285,Mariellen Ondrusek,971-775-7465,0495 Nobel Street,negative
290-16-6819,Marion Stegel,537-735-3907,47226 Nova Plaza,positive
737-55-5579,Egbert Harriss,172-995-4896,31968 Manley Center,negative
347-54-2119,Hilario Lomasney,511-200-6744,42 Valley Edge Plaza,negative
878-47-1486,Billie Fosbraey,682-612-2074,41 Havey Road,negative
648-76-1548,Daveen Dozdill,451-237-3957,44949 Londonderry Trail,positive
258-69-3099,Tommie Plester,262-170-5488,17430 Golf Course Place,negative
429-25-2582,Court Curtin,484-277-4954,6694 Maple Wood Drive,positive
525-60-6805,Dari Eakens,313-871-3954,883 Lighthouse Bay Pass,positive
748-77-9685,Michaella Georgot,272-442-3808,672 Del Sol Parkway,positive
352-90-6549,Jeffy Tonry,661-489-8990,72781 Merry Circle,positive
275-33-0780,Molli Doley,120-662-3894,7010 Mariners Cove Pass,positive
216-96-5863,Kaylee Van den Dael,573-467-6586,2630 Straubel Parkway,negative
701-11-1646,Jo Rignall,982-257-3078,653 Bunting Pass,negative
541-40-4423,Merrill Quarrie,225-925-3499,02569 Farragut Plaza,positive
677-62-6979,Natala Klageman,744-495-5222,19 Holy Cross Pass,positive
679-30-7694,Daniella Habergham,825-557-6533,54150 Dwight Lane,positive
585-71-0252,Galvin Covington,914-304-8278,0621 Sundown Crossing,negative
388-99-9108,Moshe Candey,703-304-8438,34 David Street,negative
234-90-1217,Ginnifer Boaler,585-515-4521,3962 Heffernan Avenue,negative
869-99-2555,Torrey Gorst,563-745-4892,68054 Leroy Terrace,negative
823-38-0747,Jeffrey Badgers,276-115-4660,2 North Pass,positive
672-02-2430,Jean Branford,578-248-9296,4 Sunnyside Parkway,positive
425-61-3447,Zola Tofano,836-839-4345,45 Buell Court,negative
752-30-4427,Cathleen O'Curran,747-464-1265,56 Erie Lane,positive
209-29-1908,Adrienne Llywarch,302-736-0572,371 Mallory Lane,positive
517-98-3689,Arabel Scouse,103-842-5083,21996 Redwing Terrace,positive
198-38-2443,Ros Clemmen,229-211-4556,09225 Carioca Place,negative
362-08-1438,Finley Stout,613-705-1887,204 Holmberg Terrace,positive
220-31-5578,Haily Androli,495-870-6709,85 Burning Wood Trail,positive
234-31-8470,Lyman Whitfield,735-413-3246,78760 Miller Circle,positive
704-27-7781,Peria Starrs,448-232-3667,481 Troy Court,negative
341-29-8117,Layne Casey,843-316-7871,3943 Huxley Circle,negative
396-44-7774,Julienne Groucutt,844-720-3381,19404 Sachtjen Lane,negative
792-45-9811,Stillman Minchenton,522-191-5114,26035 Union Parkway,negative
251-51-5389,Brooke Greig,392-337-6783,5 Shoshone Hill,positive
225-02-9302,Roddy Welden,316-736-0701,7846 Huxley Crossing,positive
791-32-6929,Todd Waldocke,369-214-9606,60 Springview Street,negative
131-75-0345,Keefer Birdis,140-923-2104,4 Mcguire Way,negative
285-83-9966,Gerri Georg,346-406-4449,0 Blue Bill Park Place,positive
393-20-2331,Candida Kondrat,643-716-3765,4 Butterfield Parkway,positive
170-88-7015,Orin MacNish,957-534-1329,84104 Daystar Road,negative
416-51-2119,Sascha Van Son,378-351-5292,4643 Arapahoe Way,negative
364-43-0266,Steffi Clissett,495-461-3467,3 Blackbird Lane,positive
869-72-9651,Farrel Krzysztof,560-383-5754,74 Straubel Plaza,positive
226-97-5641,Vin McKeurtan,319-733-8096,46 Dennis Way,negative
645-41-6338,Tiler Winkett,288-868-3569,0093 Corscot Lane,positive
897-40-8979,Arther Savill,286-881-2872,60 Pearson Parkway,negative
792-01-7609,Peg Harbin,742-303-3962,0 Brentwood Circle,negative
207-72-2490,Valentine Mullinder,452-991-1314,9876 Canary Street,positive
296-06-8859,Hermine Stoner,212-731-8002,4 Hagan Avenue,positive
226-80-4300,Ransom Bugg,885-479-8212,56 Esch Point,positive
539-90-1120,Cinnamon MacUchadair,182-586-3523,51 Vidon Terrace,positive
483-89-7267,Jodee Skipsea,100-828-8054,8858 Straubel Parkway,negative
201-31-4853,Goddart Boocock,414-609-6573,29 Westport Pass,positive
616-61-7569,Will Blacktin,344-869-3725,518 Stephen Place,negative
655-04-2632,Tessie Longhorne,183-430-9407,135 Morrow Trail,negative
769-13-3810,Jermaine Schinetti,359-547-7050,632 Shelley Park,negative
575-65-2767,Merrili Kolushev,757-985-7598,528 Rockefeller Pass,negative
422-15-3650,Donni McElhinney,693-180-4184,64034 Roth Plaza,negative
879-94-6620,Ricki Delia,302-392-8062,72212 Crescent Oaks Court,positive
220-99-8528,Berke Figgs,148-906-7894,4035 Clarendon Place,positive
118-63-5349,Anissa Kenson,305-174-3358,248 Debra Pass,negative
392-42-7270,Leanna Kenefick,317-136-6746,2 Blaine Pass,positive
227-30-7720,Ciro Attwooll,107-819-5565,49 Melvin Place,positive
134-05-5918,Aryn Duferie,915-369-7457,40250 Red Cloud Pass,positive
896-68-3070,Donaugh Dows,695-617-8390,389 Merry Trail,negative
802-03-1030,Silva Lawden,772-274-8275,7 Vernon Lane,positive
842-47-2393,Camella Leddie,518-864-0538,7 Bay Plaza,positive
577-72-2052,Meghann Dasent,868-689-0141,39202 Linden Lane,positive
207-94-8333,Tatum Minocchi,202-556-8153,5906 Graedel Point,negative
324-50-2400,Fonzie Rumble,483-309-5797,9 Granby Court,positive
143-99-8736,Audy Pavlenko,820-517-7417,83919 Canary Parkway,negative
123-84-8926,Cilka Palmby,328-746-2406,96279 Morning Road,negative
507-38-3004,Parry Igo,942-497-6290,7 Tennyson Center,positive
820-79-3560,Emmye Kensall,658-984-1107,6522 Schmedeman Court,negative
293-35-6297,Tilly O'Sullivan,139-109-7373,09709 Meadow Vale Trail,positive
298-05-3802,Rossie Prosch,418-199-7066,21311 Lukken Crossing,positive
415-88-3711,Mal Linster,676-965-6819,1 Larry Center,positive
112-58-8308,Orton Browne,485-847-0481,54 Bay Lane,negative
659-71-4493,Kenny Norwell,191-435-7139,65035 Utah Terrace,negative
337-15-0366,Valry Convery,696-225-0861,602 Butterfield Circle,positive
601-86-1015,Rollie Uttley,150-157-6393,72 Vidon Road,positive
208-98-7185,Piggy Rounce,162-730-6015,6143 Burning Wood Hill,negative
790-97-6709,Hatty Sterte,823-469-5253,54 Petterle Court,negative
179-59-3882,Aleece Towns,856-463-4658,2038 Sloan Drive,negative
708-43-1559,Glenn Croix,765-477-0848,0297 Red Cloud Center,positive
446-92-1244,Lem Sorensen,199-313-5024,70451 Loeprich Court,negative
811-88-3745,Klara Simionato,260-259-1093,91181 Menomonie Lane,negative
887-68-8428,Darcy Feedome,297-905-8527,54730 Warbler Parkway,negative
844-51-1629,Marrissa Skyppe,502-459-7224,70184 Prairieview Drive,negative
342-16-8531,Shell Scollick,377-267-3183,27 Elka Plaza,positive
326-99-9078,Joelynn Akers,579-892-6123,3357 Packers Park,negative
630-70-0044,Gayla Focke,815-636-2509,9 Erie Plaza,positive
111-86-7400,Benetta Mcmanaman,114-145-3725,30 1st Way,positive
422-59-9757,Ame Swainston,882-359-3976,39277 Burrows Way,negative
627-72-2229,Trixi Herche,609-437-9387,3 Rigney Alley,positive
239-30-8375,Calypso Levay,794-680-0309,448 Amoth Road,positive
630-27-0211,Moreen Dalgarnowch,922-698-2085,35 South Trail,positive
740-74-1683,Armand Brecken,328-682-2774,28561 Southridge Junction,negative
542-04-7627,Blisse Teasey,952-214-1958,2 Pond Crossing,negative
560-02-2052,Courtney Britzius,294-766-6478,4 Oriole Hill,negative
672-10-2385,Tomi Shedden,509-437-7340,76054 Heffernan Way,positive
874-81-8487,Brendis Boyes,780-912-7708,2 Village Green Place,positive
884-53-1398,Jennine Belcham,771-936-1301,57 Haas Avenue,negative
522-09-6285,Thibaut Cockram,352-594-8563,38166 Bellgrove Crossing,positive
362-63-1714,Vail Clemett,855-882-5790,65245 North Junction,negative
586-51-7001,Bernadina Batts,346-993-9901,2590 Sheridan Terrace,positive
550-18-4505,Tillie Juara,574-868-0658,58098 Milwaukee Circle,negative
710-53-4211,Ketti Basezzi,665-849-6653,92722 Fuller Lane,negative
183-32-7348,Gib Snary,895-913-0757,02619 Granby Crossing,negative
751-18-0600,Kelwin Biggar,917-361-1310,0272 Summerview Trail,negative
310-31-7843,Der McEntegart,657-239-9378,81383 Continental Way,positive
563-07-8808,Sharity Filliskirk,113-816-0886,0 Boyd Avenue,negative
886-78-0750,Whitby Elderton,439-647-7459,8665 Gale Center,negative
326-17-9658,Kimberli Edrich,407-471-8093,2196 Blue Bill Park Junction,negative
549-47-7635,Murdoch Garrad,445-955-6411,53 Monterey Alley,negative
600-77-1534,Hanson Velden,757-416-9213,61745 Butternut Street,negative
503-52-0578,Alice Tunsley,996-756-5570,65313 Cody Circle,positive
301-61-8219,Amabelle Kulic,942-782-0135,9018 Sachtjen Way,positive
664-59-1173,Layton Torvey,826-839-4178,0 Shasta Pass,positive
293-91-5133,Lilas Bulbrook,512-823-9344,5111 Vidon Court,positive
745-03-0922,Zarah Havard,800-146-2161,013 Eagle Crest Court,negative
740-89-4402,Wilbur Gambie,507-433-0855,669 Lukken Parkway,negative
557-75-1855,Brooks Cunniam,720-917-6652,8591 Pond Court,positive
361-49-3219,Rosalyn Rodenhurst,761-515-1400,97 Summer Ridge Road,negative
319-36-5084,Nancee Marcoolyn,517-167-0546,6878 Maywood Way,positive
343-38-9684,Emogene Cockney,906-670-3056,4893 Columbus Point,positive
867-39-6880,Valentine Alliott,323-692-6644,81169 Corry Center,negative
393-60-8574,Shurlocke Ivashinnikov,178-677-2467,802 Corscot Park,positive
506-17-4648,Clerissa McGarva,377-310-4032,8 Pond Circle,negative
493-51-8756,Gerik McCormick,152-756-9646,820 Bonner Way,negative
708-58-3471,Cathe Gepheart,982-514-1365,25 Memorial Junction,positive
497-14-1191,Court Rogier,822-786-1618,9 Washington Drive,positive
248-54-4315,Deloris Gobel,728-387-5228,53311 Talmadge Court,negative
392-48-3213,Barclay Heigho,584-846-3385,93627 Boyd Center,negative
230-91-7175,Lissie Abade,460-719-3923,02 Pearson Street,negative
753-41-6243,Hortensia Subhan,815-281-8402,438 Corscot Road,negative
418-46-5391,Hartley Swateridge,463-200-3640,4 Lakewood Gardens Place,positive
272-84-6367,Janeva Roseman,729-756-8096,080 Clemons Crossing,negative
264-39-7488,Pennie Teal,576-548-2036,8790 Northport Plaza,negative
158-32-2089,Marsha Halbord,816-444-2064,8773 Surrey Court,negative
262-60-1429,Gonzalo Gilli,395-537-2157,16 Sommers Drive,positive
387-16-7364,Charley Ewins,952-204-3716,96 Brentwood Parkway,positive
150-28-0696,Kinnie Bartomeu,848-885-0324,078 Hanson Center,positive
761-68-5861,Stillmann Verrall,549-894-4487,7652 Springs Alley,negative
376-81-9031,Eileen Jahn,238-289-4679,522 2nd Drive,positive
151-90-2827,Lenka Leeds,717-299-5171,5 Brickson Park Street,negative
265-88-6316,Ronna Dugdale,647-296-9273,0611 Carpenter Way,negative
848-57-0644,Tobin Senn,137-196-3468,23587 Briar Crest Street,negative
743-69-5728,Dante Linebarger,268-863-8882,1 Barby Junction,negative
355-38-8834,Leeland Doleman,622-505-0267,2 Rusk Trail,positive
300-74-2230,Calhoun Ouldcott,950-432-2577,84 Lawn Circle,negative
510-92-9589,Pattie Cormode,408-210-7297,46 Scoville Alley,negative
732-35-6461,Brande Oxherd,754-825-6954,0 Talmadge Court,positive
298-20-7448,Charita Patrickson,611-794-2515,70968 3rd Avenue,negative
329-40-2301,Kathie Wafer,814-378-4503,74 Crest Line Junction,positive
786-56-1542,Pattin Kubacki,201-479-9171,19 Fair Oaks Center,positive
894-47-4970,Frazer Gallichan,892-746-7818,07 Hansons Center,positive
881-65-4055,Maryrose Thew,496-810-1516,28952 Swallow Circle,positive
738-39-4343,Koo Jaume,958-349-7435,1 Alpine Parkway,negative
276-66-0705,Brunhilda Jenk,242-593-3156,459 Bluejay Place,positive
185-10-8712,Demetris Franzini,407-783-4454,8952 Hanover Court,positive
397-78-1736,Paulita Hotson,974-377-5872,422 Spaight Place,negative
162-63-1147,Charmane Crosby,245-860-8781,67365 Karstens Junction,negative
494-60-5634,Tallia Few,959-979-3609,6 Starling Park,negative
447-47-7102,Nollie Pennycord,678-843-2961,8283 Spohn Drive,negative
433-96-2491,Bary Claricoats,603-662-4537,3 Toban Hill,positive
411-79-2708,Nicolette Woodyer,847-807-9146,74 Cherokee Plaza,positive
142-45-4364,Fernando Boule,791-924-2228,667 Hermina Road,negative
433-41-8975,Jania Lancashire,337-352-1802,2688 Schiller Way,positive
848-18-4235,Shae Sitlington,775-421-2373,767 Daystar Trail,negative
849-29-1409,Colline Gerraty,431-516-5231,26 Springs Drive,negative
893-81-4416,Gilli Lacotte,880-493-9071,790 Aberg Avenue,negative
799-23-1021,Crin Pinkerton,490-645-5143,694 Schiller Drive,negative
865-04-9101,Junia Redmayne,364-512-4522,28 Corscot Crossing,negative
871-01-6834,Isaiah Ivanishev,373-987-6405,0 Chive Road,negative
237-08-4054,Emalia Clemence,950-919-9102,453 Calypso Pass,negative
198-36-8718,Lotty Gallier,307-709-2328,9 North Terrace,positive
528-69-6043,Matthias Shefton,225-251-6221,151 5th Drive,positive
821-80-5156,Domenico Creavin,765-248-7788,67942 Shopko Terrace,negative
671-47-0058,Ramsay Possa,893-256-5116,04 Canary Lane,positive
624-30-9677,Merlina Peeter,301-536-3230,2815 Scott Drive,positive
789-88-8394,Dietrich Fawcus,447-147-4008,54 Algoma Street,negative
109-79-5810,Caria Stark,201-492-0221,341 Barby Alley,positive
366-76-6806,Teddy Wolford,432-102-3312,62 Vera Parkway,positive
851-12-7105,Corny Desquesnes,833-509-6668,87 Hagan Pass,positive
356-03-3192,Chloris Moules,782-740-4691,8144 Michigan Street,positive
744-51-1704,Delaney Carrett,947-403-4805,67 Northwestern Way,negative
742-28-0162,Garvy Gillions,495-244-1446,8 Warrior Court,negative
473-39-4149,Pippy Barrand,192-913-8070,70890 Roxbury Plaza,positive
133-82-5525,Candra Hrishanok,719-686-5724,52 Norway Maple Plaza,negative
311-30-3528,Jasper Nelhams,825-665-0860,7 Grover Court,positive
507-59-0248,Aurore Wantling,877-520-0324,8047 Prairieview Circle,negative
654-98-3843,Ayn Iorns,427-321-2173,65060 Mifflin Court,positive
810-42-5019,Roshelle Tasseler,757-698-9451,679 Melody Circle,positive
730-65-9462,Frankie Uebel,350-149-4700,1 Stephen Trail,negative
163-59-4874,Darell Chaplyn,284-427-3497,35 Jana Alley,negative
782-49-3575,Greta Drieu,428-456-2460,6 Marcy Center,negative
441-67-7367,Letitia Shama,841-403-1575,639 Lakewood Gardens Road,positive
210-42-8295,Rosalyn Devericks,970-529-0669,55 Debra Court,positive
475-69-1858,Coretta Topham,166-808-4696,45727 Everett Point,positive
531-22-0992,Evaleen Bramham,332-816-2416,0923 Forster Trail,negative
641-69-0321,Dion Mockett,492-263-0430,2552 Vidon Avenue,negative
340-07-0097,Ingaborg Rennebeck,523-196-8096,60 Granby Circle,positive
833-96-0460,Jim Bradden,911-419-5742,43662 Hudson Trail,positive
646-03-5103,Catlaina Carcass,234-456-4878,94 La Follette Crossing,negative
777-89-4985,Wallie Spillett,302-514-2851,4 Gateway Crossing,negative
643-50-6277,Leanna De Carlo,348-982-5522,66261 Mcbride Plaza,negative
533-47-1358,Stacie Armes,677-817-1847,15980 Carpenter Avenue,positive
590-02-6737,Aldis Burgoyne,578-888-9192,254 Westport Way,negative
841-78-5706,Lou Lisciandro,770-182-2203,7 Gulseth Way,negative
463-25-3945,Adolph Aizlewood,898-406-2851,8378 Moland Avenue,negative
266-01-0983,Gae Dacombe,555-910-6673,6414 Homewood Park,positive
328-62-8311,Vanya Townsend,728-637-8902,827 Spenser Parkway,positive
103-58-4566,Sasha Veart,325-956-9899,030 Logan Way,negative
815-18-1506,Melinde Blaycock,897-206-5275,363 Northland Alley,positive
870-55-4563,Corbie Martusov,419-219-1647,8070 Shelley Plaza,negative
236-23-0825,Elisha Sherebrooke,288-431-1280,1999 Dawn Place,negative
753-97-8615,Raine Hanning,874-479-0789,8282 Kropf Avenue,negative
499-43-6879,Boy Meeson,536-619-9205,25 Redwing Junction,positive
191-54-2666,Marve Verling,548-833-9885,418 Harbort Point,positive
458-65-6878,Parrnell Dyche,635-529-6850,2 Sherman Pass,negative
242-38-2668,Gerrilee Fabri,856-827-1326,09 Muir Parkway,negative
130-74-3596,Tedda Theze,855-285-5426,677 Kenwood Center,negative
805-74-4005,Sheela Blackman,852-579-2660,1100 Upham Hill,positive
450-88-8946,Shawn Crummay,689-478-0808,5578 Nevada Park,negative
319-12-8293,Flss Dunphy,611-926-5316,5723 Esker Crossing,negative
477-17-4294,Stephannie Swaden,301-718-6550,2 Straubel Center,positive
518-64-3179,Melesa Bernucci,666-165-4712,22 Elgar Center,negative
594-01-6623,Kermy Orwin,995-837-0964,3 Meadow Ridge Way,positive
347-07-1092,Bathsheba Oldacres,961-938-1773,88 Schiller Avenue,negative
246-30-1376,Delmar Tofano,700-111-0917,2 Transport Avenue,positive
720-04-5598,Hildy Leidl,665-157-5447,843 Beilfuss Hill,positive
855-74-0353,Timi Faireclough,671-653-7776,4652 Mallory Hill,positive
382-63-8819,Ann-marie Tarbath,989-895-6742,4 Waxwing Parkway,negative
310-19-5179,Audy Gagen,537-538-0075,19 Sauthoff Circle,positive
699-06-2932,Lindsay Schutze,264-995-1866,3 Forster Alley,positive
709-38-3671,Noach Shuttle,801-498-8567,6826 Nova Place,positive
356-95-8894,Madelin Smithend,633-487-8500,2481 Fuller Circle,negative
780-18-1344,Ryon Altimas,586-779-4725,49872 Logan Street,positive
234-33-7358,Kristina Croxon,741-994-4064,27 Algoma Avenue,positive
193-72-7779,Abbe Paulley,651-752-5304,02 Pierstorff Plaza,negative
109-90-6094,Joye Woffenden,997-769-0202,73 Fuller Avenue,positive
816-04-1979,Marti McNea,992-290-5321,04 Sommers Pass,positive
885-52-2339,Durante Feye,158-218-8831,731 Summerview Lane,negative
552-32-3415,Gillan Grimsell,634-528-0349,7148 Fulton Pass,positive
716-75-9794,Nessie Bodycombe,412-630-4765,03 Elgar Street,negative
279-27-2708,Benny Narducci,920-800-0622,1302 Manley Alley,positive
523-05-6030,Giulio Howlett,178-499-0371,48617 Orin Pass,positive
532-23-3990,Xenia Duckfield,913-642-8243,0 Marcy Junction,positive
899-35-4708,Luciana Gorke,662-606-7145,7 Thompson Lane,positive
436-93-5852,Micheal Civitillo,487-133-6130,8 Katie Junction,positive
401-73-6542,Alfons Biermatowicz,450-380-6788,512 North Center,positive
621-40-2712,Prince Kimmings,604-533-4826,99432 Fairview Crossing,positive
153-45-6270,Tait Charlton,312-960-0529,1 Farragut Trail,positive
363-41-5644,Carol-jean Danilovic,896-972-3307,8 Moose Circle,negative
823-27-1807,Aryn Varrow,102-967-7050,51 Lakewood Gardens Crossing,positive
602-42-0939,Quinlan Prewer,655-355-7636,55 Ryan Way,positive
823-96-2225,Hewet Troppmann,892-645-6471,514 Dixon Hill,negative
409-13-0404,Dasi Batha,676-606-9649,8 Cambridge Alley,positive
811-68-2977,Ulberto Drinkall,408-237-1523,66 East Pass,positive
553-76-2713,Yvonne Auchterlony,845-775-1072,57044 Sundown Court,negative
808-52-1135,Glenn Mayworth,614-165-7863,79504 Cherokee Junction,negative
496-16-8769,Dorey Hatherley,548-779-9498,78 Luster Lane,positive
508-29-3632,Augustine McClenan,875-264-7707,5 Ridgeway Crossing,negative
630-93-6928,Annabelle Gresham,665-950-6045,13 Roxbury Terrace,positive
557-95-7758,Venita Houseago,246-420-0114,82226 Pleasure Plaza,negative
111-51-2694,Donavon Kain,157-708-0242,26763 Kinsman Circle,positive
318-90-2579,Zorine Davies,957-457-5357,41159 Commercial Avenue,negative
124-81-5463,Nate Harrap,855-490-8334,80880 Village Green Drive,negative
194-26-4286,Alphonse Pistol,260-375-5616,40175 Dahle Alley,negative
328-36-8126,Stephie Guirard,651-376-8192,9 Butterfield Road,negative
812-53-9947,Haze Espinho,626-325-2446,307 Packers Circle,positive
510-26-5568,Ellette Rosenfarb,978-214-8422,2759 Di Loreto Junction,positive
529-30-7135,Faunie Wrate,755-941-9439,5 Carberry Park,positive
340-43-6778,Sharleen Macklam,162-567-9332,971 Columbus Circle,negative
735-53-3282,Lilli Cockings,809-352-6918,3 Sycamore Parkway,negative
138-48-7224,Roscoe Lawlor,860-369-9944,0 Melvin Junction,positive
589-15-1545,Nancie Durant,478-362-1962,8 Ridgeway Place,positive
730-45-4500,Albert Perrat,983-458-4735,9545 Hoard Plaza,negative
484-16-5688,Bess Pankethman,501-380-6682,4870 Gulseth Crossing,negative
864-69-6177,Danette Arblaster,419-213-8172,157 Schurz Point,negative
473-12-8892,Sari Allabush,944-431-2199,34 Saint Paul Hill,negative
616-26-7996,Valma McCleod,951-763-1882,18253 Luster Point,positive
772-01-9378,Cesya Theuss,292-578-2706,50911 Harbort Plaza,positive
284-29-7357,Sandi Pegden,794-678-8870,456 Dryden Street,negative
636-51-7433,Sallie Dutteridge,830-993-7386,8128 Bowman Terrace,negative
791-60-4835,Ted Laviss,650-633-6704,58065 Rockefeller Hill,positive
335-26-1579,Filberto Blindmann,692-174-6286,8 Forest Dale Court,negative
604-55-3246,Zorine Wortt,978-559-8415,0535 Farragut Junction,positive
481-33-8579,Bear Marmion,506-551-0823,53452 Commercial Crossing,positive
386-94-6803,Damon Walrond,250-514-8574,65 Rutledge Place,negative
678-87-8056,Kennan Czyz,375-845-7055,37 Pearson Point,negative
103-42-2167,Neron Press,509-491-1677,4 Waubesa Court,positive
264-62-2661,Mervin Konzel,654-171-8515,6 Garrison Lane,negative
213-14-5050,Hugues Brandli,902-186-0040,290 Glacier Hill Trail,positive
175-46-7580,Persis Pozzo,234-784-5676,76278 Fallview Place,negative
417-37-2240,Minnnie Kinghorn,326-367-3018,0507 Hagan Parkway,negative
180-38-7659,Philippine Stranks,750-129-9908,18443 Grim Junction,positive
110-43-5062,Roi Fossey,676-673-5559,4486 Hudson Terrace,positive
433-73-4491,Deck Pasque,729-398-3562,4 Spenser Street,positive
314-29-6968,Delainey Mixworthy,735-576-0257,4 Stang Center,negative
664-66-8850,Milka Jakoub,286-563-4866,7722 Anthes Way,negative
758-05-5292,Fey Mounce,323-234-6493,8 Brickson Park Park,negative
257-42-2709,Dionisio Alejandro,645-280-4483,30509 Glendale Pass,positive
835-61-5307,Reeva Craigg,216-773-9922,041 Farmco Trail,negative
312-34-0854,Kurtis Grieves,145-709-2138,41501 Alpine Court,positive
863-90-2720,Deva Pancost,400-220-4975,5392 Bashford Center,positive
657-76-7080,Antonio Choffin,871-896-4023,6596 Sundown Center,positive
563-50-9517,Caralie Caley,483-134-3454,04 Sunfield Trail,negative
773-87-8993,Joya Auston,805-628-5686,7 Acker Alley,positive
233-12-2587,Tallie Abbatt,453-485-9182,3755 Maple Parkway,positive
234-80-9826,Susanne Seys,780-424-2646,924 Cordelia Court,negative
331-37-3728,Rancell Frankland,323-255-0690,3 Parkside Junction,negative
101-03-8851,Lothaire Ranby,805-530-7998,8440 Kennedy Alley,positive
432-71-7185,Carol Lock,331-971-3402,4275 Carioca Plaza,negative
176-71-8268,Lisette Garci,915-780-4804,40 Derek Lane,positive
520-98-2329,Erasmus MacCarlich,126-788-9144,4401 Maryland Lane,positive
800-05-9986,Merrilee Gruszczak,265-123-3210,044 Sutherland Drive,positive
196-81-9076,Sylvester Praton,831-522-7700,6823 Fuller Place,positive
180-82-5534,Forbes Agastina,150-983-4714,407 Lawn Avenue,positive
463-42-7536,Tanya Crummey,993-227-1256,915 Hagan Center,positive
191-90-1032,Kristofor Divall,166-740-3164,2882 Springview Park,negative
435-80-0674,Kerrie Bage,594-856-0482,54 Cardinal Avenue,negative
652-67-7675,Odey Whittier,641-414-8079,37 Hallows Trail,positive
778-76-4749,Trish Bashford,558-889-8582,80 Marcy Point,negative
345-32-2489,Graig Jezzard,891-370-5453,43047 Vernon Crossing,positive
150-36-5789,Ertha Litton,359-235-0406,03 John Wall Street,negative
345-78-7735,Johannah Kalinke,415-124-7269,60 Talmadge Hill,positive
811-28-8002,Leeanne Jakubiak,302-400-0414,925 Forest Dale Hill,negative
774-32-7567,Maris Tregidga,821-696-0530,9989 Swallow Circle,negative
466-12-7124,Weber Gilbee,431-998-1159,512 Eastlawn Circle,positive
692-01-0952,Elva McMenemy,643-277-5468,37 Erie Junction,negative
194-13-2381,Florella Westmancoat,583-497-7614,22 Harper Parkway,negative
239-96-8885,Ansell Keuneke,430-915-7976,8322 Hagan Center,negative
306-91-2554,Avigdor Tapton,399-281-5828,7691 Dayton Pass,negative
159-28-8720,Tiertza Gabbett,534-368-4851,4486 Summit Drive,negative
428-13-8734,Genevieve Roft,269-544-1024,3 Sutherland Parkway,positive
142-36-6918,Vinny Erni,672-469-8725,822 Golf Way,negative
454-10-4081,Bartlet Dossettor,296-234-4958,34 Transport Road,positive
329-84-1531,Debbi McGawn,929-344-1664,560 Victoria Way,negative
330-84-1831,Britt Mackstead,556-548-2051,13389 Debs Lane,negative
110-11-6514,Isak Pllu,301-373-8788,78 Westend Way,positive
162-34-7291,Angelle Brimman,774-409-8825,9 Fieldstone Drive,positive
199-88-7339,Katey Stud,732-603-7633,6613 Clarendon Place,negative
507-11-5354,Kaitlyn Gilling,628-989-8617,1 Norway Maple Terrace,positive
305-85-0302,Nikkie Press,657-992-1912,5413 Oakridge Street,positive
461-02-7807,Gracie Franke,351-871-7675,513 Bobwhite Street,positive
411-84-4218,Heath Morales,603-715-6387,77 Becker Drive,negative
718-57-1402,Bettina Choules,935-990-4275,74 Old Gate Center,negative
342-35-5742,Ruprecht Oventon,738-308-8599,2 Jay Park,positive
178-95-9881,Gaylord Axston,274-689-2822,970 Mcbride Hill,positive
616-14-2618,Sioux Alessandretti,869-328-5670,59 Pond Avenue,positive
811-29-9621,Terrill Esh,838-320-8365,39 Stoughton Pass,negative
838-68-3613,Nealy Jopson,942-475-4474,14 Dawn Terrace,positive
677-85-0722,Anastassia Foard,782-413-4041,59 Brentwood Street,positive
843-30-0962,Myca Dradey,889-510-5352,66513 Northland Trail,positive
752-06-7432,Ronnie Daviot,418-304-0522,502 Linden Park,positive
749-07-4794,Aron Farmer,252-443-5858,40498 Elmside Plaza,positive
358-45-9603,Elysia Scutter,385-955-3442,40626 Kim Avenue,positive
458-31-0961,Sula Pieters,973-876-2103,0 Ohio Point,positive
277-68-2713,Daisi Cowdery,391-665-1697,819 Loomis Hill,positive
468-38-1643,Trude Bonhome,811-815-0686,8 Straubel Point,positive
108-45-2566,Henri Maggs,283-495-7343,8542 Nelson Drive,positive
193-41-8997,Eduino Alloisi,753-326-1643,26 Fremont Court,negative
508-41-4091,Jordan Giacobo,101-192-9877,8326 Mesta Pass,positive
497-10-5363,Xena Aseef,537-943-4034,693 Erie Hill,negative
550-33-5993,Tracey Mosedall,969-383-5369,0 Mayer Pass,positive
285-49-5210,Elnora Kuhne,273-287-6946,4952 Bay Circle,positive
884-55-8999,Roderigo Duling,587-952-4841,705 Thompson Drive,positive
665-09-4988,Emelyne Ebbers,873-919-9131,23 Pond Drive,positive
219-10-5790,Graeme Hehir,549-888-1111,1 Buena Vista Crossing,positive
498-16-6067,Kessia Pirdue,396-489-0973,05 Di Loreto Way,positive
583-29-8034,Gilbertina Elvin,651-873-9657,60527 Warrior Place,negative
440-49-1988,Lauralee Seabon,825-716-8098,4216 Paget Junction,negative
753-30-1246,Jena Reynalds,205-546-5713,6 Almo Street,positive
884-57-2739,Karoly Marion,133-491-2060,95865 Manley Trail,negative
188-36-2369,Emmanuel Gansbuhler,270-191-8515,1865 Karstens Street,negative
319-78-7153,Britt Nesbeth,413-848-7276,0614 Farwell Lane,positive
480-85-9936,Guinevere Livard,406-175-0634,871 Hauk Court,negative
690-89-4716,Yuri Brenard,831-567-4831,376 Thierer Lane,positive
566-67-6324,Kory Backs,407-343-0811,1604 Manufacturers Trail,negative
497-83-7823,Olav O'Corrigane,472-147-5932,3224 Valley Edge Parkway,positive
785-50-1262,Ilysa Rivallant,913-284-9403,324 Duke Terrace,positive
559-71-4321,Hillie Piddocke,641-181-2370,30 Lakewood Hill,negative
471-84-9809,Thatch Thunder,343-287-7637,14 Shasta Avenue,negative
653-83-3759,Greer Sircomb,688-632-1608,0 Hauk Lane,positive
872-75-0826,Brett Gobbett,344-421-4880,9 Homewood Way,positive
323-08-9287,Emmerich Castard,269-329-8285,99 Delaware Center,negative
288-35-5789,Alwin Neighbour,430-900-4368,2 Gateway Center,positive
633-95-1437,Jerome Kettell,112-250-4157,5 Holmberg Parkway,positive
270-64-0313,Greer Pittle,955-119-8149,4 Mcbride Court,positive
482-38-7791,Seward Millier,113-247-5448,655 Northland Trail,negative
683-43-0165,Urson Bigmore,443-771-6579,67 Lien Park,positive
549-39-2470,Lucila Vela,511-453-8282,3261 5th Avenue,negative
136-07-6319,Maible M'Quharg,166-926-0529,45 Eagle Crest Way,negative
331-41-8369,Rosalyn Dowall,100-170-5807,3730 Arrowood Parkway,positive
266-83-0010,Blair Philson,676-898-0359,81 Surrey Circle,negative
302-27-9137,Sean Thirst,793-913-2862,0 Messerschmidt Hill,negative
575-63-1516,Alina Garza,313-444-6689,722 Hintze Park,negative
576-69-8008,Daisi Mulloch,314-290-5112,4 Dryden Hill,positive
170-98-2263,Paolina Duckering,984-435-7590,416 Mcguire Parkway,positive
126-83-4463,Omero Tavner,122-473-3519,0418 Stang Circle,positive
311-37-7873,Shelley MacRonald,401-131-6565,621 Derek Hill,negative
185-34-5310,Juliana Eyckelberg,625-386-4450,70 Hauk Plaza,positive
588-85-8792,Ruthy Sibyllina,551-522-9083,722 Waubesa Lane,positive
513-31-2059,Brinn Farlham,137-613-1769,9603 Debs Drive,positive
677-19-7420,Vassili Middlebrook,717-116-3461,7971 Cottonwood Plaza,negative
879-84-0265,Natka McGonagle,937-214-4360,1957 Larry Crossing,negative
347-07-1921,Andy Gaymer,179-410-7655,98 Bay Way,positive
730-53-8012,Marga De Antoni,593-698-2445,03746 Eastwood Circle,positive
627-47-4426,Aldridge Ferschke,110-584-7730,40 Pearson Avenue,negative
308-25-3136,Guglielmo Worsfold,958-450-3881,0 Pawling Pass,positive
344-75-3720,Courtnay MacDonald,574-892-5532,796 Rigney Road,negative
733-14-7641,Lindie Izakof,208-397-5952,60 Anthes Crossing,negative
766-26-9562,Boonie Quigley,998-216-5881,70 Paget Center,negative
298-74-4994,Fancy Myderscough,371-813-5887,67650 Graceland Way,negative
276-33-4938,Lorette Haresnape,520-437-1758,81 Summerview Center,negative
230-09-9868,Jasper Kettoe,222-612-0469,3252 Barby Parkway,negative
741-04-0328,Edyth Ranklin,410-691-9480,30 Susan Plaza,positive
868-46-8360,Helen-elizabeth Zorzin,182-154-3995,13508 Marquette Court,positive
306-89-1409,Gabbie Pulsford,148-878-1452,35 Morning Way,positive
493-02-1524,Cassie Charlick,441-268-2586,9 Loftsgordon Place,positive
624-29-9345,Drucy Bish,919-628-1651,53853 Roxbury Crossing,positive
482-81-3291,Baillie Caudle,695-256-8743,1256 Dryden Road,positive
174-67-8572,Pat Lourenco,156-439-2900,6369 Schmedeman Street,negative
446-99-8771,Helenelizabeth Franzolini,371-861-2706,42824 Oakridge Parkway,negative
777-51-3820,Collin Abdie,338-732-5352,61385 Anzinger Drive,positive
405-80-1749,Gearard Werendell,866-643-8951,46 Merry Parkway,positive
872-99-1969,Beau Hainge,231-278-4390,57689 Dayton Pass,positive
462-37-4217,Anna-diane Barber,308-264-1075,526 Hoffman Park,positive
462-41-3749,Rodolfo Bemlott,729-455-0453,807 Brickson Park Way,negative
192-94-6209,Peggi Vail,448-256-6750,461 Morrow Crossing,positive
483-55-6757,Lemuel Bloschke,886-751-2075,3 Cardinal Place,negative
354-71-9241,Alf Kamienski,428-740-0358,732 Erie Terrace,positive
717-50-1348,Jackelyn Francillo,649-151-0648,53 Nancy Street,positive
498-70-2255,Melly Richardet,779-827-8011,704 Forest Dale Crossing,negative
368-52-0722,Penni Jessett,700-538-9202,1888 Lotheville Parkway,negative
175-14-7892,Rorie Greenly,414-733-7596,2 Hallows Pass,positive
174-78-6208,Claudell Stollberg,365-211-2051,5 Fisk Pass,positive
804-45-3314,Polly Tarbin,149-983-1755,38 Mccormick Park,negative
756-21-3351,Pattie Neathway,706-764-8094,77 Dapin Junction,negative
702-96-4574,Bren Imms,783-323-0878,47 Bluejay Place,positive
763-63-7242,Cleveland Hubbucke,312-605-9014,3368 Shelley Park,positive
513-23-0796,Sherry Anthony,656-562-7930,35163 Mcguire Plaza,negative
277-27-2818,Riobard Mowatt,381-741-8884,1 Scoville Road,positive
573-40-7682,Cate Grzeskowski,954-547-7772,4 Union Avenue,negative
262-14-4262,Say Flecknell,470-958-0749,537 Bonner Hill,positive
268-52-4620,Larisa Holgan,503-420-4771,5407 Oxford Road,negative
165-01-7989,Dallon Newlands,189-610-1430,28 Melody Pass,negative
811-03-7506,Bertina Sharphouse,236-288-1100,787 Stoughton Court,negative
843-64-6054,Gerhardine Zanazzi,276-813-3437,0 Hermina Plaza,negative
188-41-2829,Odetta Marion,902-875-3689,15 Westend Terrace,negative
386-30-2326,Sybil Augustus,385-233-6424,20 Lawn Circle,negative
543-49-9075,Portie Getcliffe,792-735-8719,11370 Scofield Plaza,positive
540-10-8280,Sidonnie Werny,113-779-4606,40 Anhalt Point,negative
635-88-2186,Erie Aspinal,672-658-4905,43693 Del Sol Street,negative
605-19-2117,Rooney Wibrew,586-160-5511,97777 American Ash Lane,negative
564-92-0383,Francklin Matthewes,885-340-3143,2697 Vahlen Avenue,positive
477-48-8532,Boote Gallienne,135-309-3503,2 Rieder Alley,positive
630-26-4405,Ward Bonar,854-321-1618,5 Pine View Lane,negative
597-30-6237,Collie Caulkett,527-263-7617,20 Lakewood Gardens Terrace,negative
582-34-0140,Kathy Strange,281-529-3553,13535 5th Junction,positive
206-91-3926,Lamar Warret,788-330-2374,3 Becker Court,negative
405-69-7717,Gusella Bau,149-101-9380,7749 Pearson Place,negative
826-74-3994,Linell Birrell,860-268-5811,3958 Burrows Terrace,
383-47-3459,Dion Sarney,239-775-1296,9854 Dayton Drive,
534-75-1679,Lissy Bushen,230-466-1172,0687 Melvin Way,
544-86-6088,Haywood Brian,461-821-9219,926 Sheridan Lane,
627-15-5618,Rod Teesdale,194-373-9526,3636 Goodland Lane,
378-38-7721,Rosaleen Spridgeon,453-171-9365,3795 Raven Hill,
243-33-2207,Coriss Taft,195-877-9168,3 Pearson Court,
775-18-8628,Basile Batalle,719-730-8051,4169 Utah Crossing,
569-83-1325,Rozanne Barles,133-631-7699,12596 Warbler Drive,
743-30-8760,Pegeen Jelkes,394-580-3263,639 Sage Alley,
715-13-6177,Grover Dodridge,289-383-9117,279 Delladonna Circle,
891-96-9820,Beaufort Northgraves,943-200-6711,19806 Esker Hill,
135-31-3210,Arlette Gaudin,937-168-3574,14172 Colorado Court,
332-84-4699,Rance Patters,459-493-2358,873 Lerdahl Parkway,
231-11-1854,Ramsey Lilford,602-400-6759,179 Blue Bill Park Parkway,
856-78-1727,Bren Carah,444-521-3746,02 Buena Vista Street,
424-78-2525,Giffard Brandt,586-636-2528,14 Lakeland Trail,
688-99-7601,Korey Toomer,614-848-7659,45265 Graedel Park,
245-61-9644,Vinson Entwistle,414-905-5937,0 Pepper Wood Alley,
107-35-7458,Nero Ros,202-714-2121,581 Melvin Plaza,
836-11-2091,Gwenore Doyley,858-891-1412,8 Debs Point,
194-16-3279,Eugen Vasin,839-628-4467,0224 Hoepker Crossing,
336-25-9039,Georgette O'Gormley,210-361-6725,1 Del Sol Trail,
760-05-3164,Lind Fantone,568-507-7642,8489 Hintze Point,
877-60-8038,Shani Cristobal,816-427-0823,32106 Becker Place,
398-22-4550,Alix Marchetti,432-486-4506,77 Arapahoe Pass,
469-66-4346,Yanaton Lebang,962-897-5893,114 Dottie Parkway,
301-44-2755,Kylen Cater,836-186-3144,9 Fremont Alley,
612-02-3783,Irwinn McHardy,135-647-7541,92 Sachtjen Park,
841-68-0834,Guilbert Clemson,339-724-2314,3 Crowley Junction,
494-32-5353,Dniren Dayley,571-594-1150,3520 Becker Lane,
188-65-1349,Andria Rossin,476-476-5839,29 Prentice Place,
173-52-3101,Farand Prisley,520-909-4847,46 Rowland Drive,
249-50-2607,Dora Gush,150-672-6006,566 Hintze Center,
341-66-0188,Inness Downie,255-476-5381,111 Orin Street,
316-79-9916,Jerad Flexman,415-649-8779,125 Hovde Avenue,
791-53-3137,Maggy Vanyushin,953-200-3621,548 Di Loreto Circle,
355-69-1351,Mordy Vinter,667-767-5834,1 Memorial Circle,
297-50-9542,Dolph Lyffe,986-121-5710,959 Loftsgordon Plaza,
645-88-0794,Mendy Fossett,375-247-5723,38 Helena Terrace,
781-15-4149,Idell Cottingham,771-256-6286,098 Mallard Way,
563-53-9381,Dalton Goding,798-230-9311,2202 Onsgard Point,
500-87-0090,Wain Reeson,926-464-6079,418 Sutteridge Terrace,
178-08-3621,Elyssa Yorkston,877-606-2162,5 Coleman Lane,
842-97-3494,Fernande Jursch,981-899-7037,515 Logan Junction,
406-16-5487,Janine Huncoot,663-286-9934,6 Onsgard Junction,
868-28-4992,Andras Schubbert,340-997-2364,89673 Scofield Parkway,
201-43-2973,Beulah Chandlar,166-912-8200,013 Mccormick Road,
689-72-9249,Fidole Murt,682-376-7211,43 Northport Circle,
369-30-4506,Oran Kensall,967-772-8055,5413 2nd Alley,
255-24-5094,Fredrick Good,860-218-1032,26099 Rigney Parkway,
286-05-9819,Darline Gerhold,240-790-3415,831 Kedzie Street,
209-67-7487,Tobie Bushnell,483-784-4585,84 Lyons Park,
573-70-9499,Phelia Bocking,583-780-7939,2016 Clyde Gallagher Trail,
849-93-3593,Milton Ginnelly,592-823-1226,72061 East Alley,
632-92-1875,Rourke Kinleyside,850-308-3530,7413 Weeping Birch Crossing,
396-16-6224,Cristina De Blasio,450-385-5167,81805 Dexter Way,
577-90-4012,Darcee Dunleavy,835-176-2663,2 Kedzie Hill,
134-27-7909,Uri Ales0,488-594-6094,271 Mockingbird Terrace,
411-85-0012,Merry Alessandrini,110-730-1452,46 Milwaukee Avenue,
306-91-2420,Charo Fawlks,841-614-9814,4 School Crossing,
426-20-3209,Rebbecca Fellowes,673-434-8281,26 Kropf Way,
246-90-9690,Laurena Hodges,569-857-5040,232 Mallard Alley,
235-89-9460,Ambrose Ceaplen,493-897-2831,33 Shasta Trail,
757-28-7626,Carolus Opy,285-352-1562,36 Barnett Circle,
846-87-6547,Irving Stuke,929-870-1309,35837 Park Meadow Avenue,
582-80-5743,Elysia Haensel,895-382-7000,426 Mendota Avenue,
753-72-7141,Jan Count,804-206-3007,06832 Stuart Junction,
185-94-8981,Blakelee Raiker,571-705-8476,3 Mcbride Crossing,
220-50-9478,Alvina Pittendreigh,914-195-4281,73 Del Sol Drive,
884-67-8935,Jilly Saffer,339-638-8994,002 North Point,
616-47-7883,Eric Dickons,119-350-9736,07278 Havey Trail,
311-69-4285,Marcello Blackey,930-379-4106,802 Grasskamp Hill,
416-45-4821,Briano Kisbey,804-919-8122,7555 Golf View Way,
804-50-1049,Portia Kiljan,854-588-1301,649 Fallview Parkway,
855-18-4980,Prescott Castledine,292-780-9422,30677 Miller Place,
577-47-1862,Shaina Copin,919-250-3756,1 Aberg Avenue,
669-06-8482,Zacharias Jobson,593-201-6319,05 Lukken Junction,
489-52-7834,Carrol Gluyas,234-310-1918,2 Straubel Circle,
263-30-1069,Rosette Crone,813-503-2743,329 Hoard Pass,
351-30-3155,Leann Fitzroy,392-680-3293,291 Eggendart Junction,
174-30-8424,Cecilia Dalinder,938-245-8755,3 Anniversary Drive,
179-14-5137,Borden Halahan,536-364-2185,7 Holmberg Junction,
386-53-7055,Jakie Parkin,514-543-6497,0064 Thompson Pass,
770-68-9180,Elonore Gillies,781-157-9636,3 Huxley Point,
531-64-4112,Angus Capron,587-792-2489,77 Boyd Park,
427-42-9895,Sammie Lago,216-776-5315,0 Butternut Park,
204-85-2819,Celia Viggers,337-684-3634,6 Johnson Terrace,
288-94-6355,Nessa Symper,485-447-8246,31938 Everett Junction,
207-42-7140,Lavena Pexton,129-860-4011,107 Bonner Circle,
470-28-6295,Jeth Tuhy,742-816-2722,82822 Tennyson Point,
450-05-7272,Datha Bendik,489-734-5043,552 High Crossing Road,
822-06-7943,Janel Atyeo,304-693-5164,60 Donald Way,
681-96-9131,Joyann Wonfar,202-433-8805,964 Graceland Avenue,
737-28-9057,Gallard Dowker,506-876-0488,48225 Leroy Circle,
553-87-4601,Anny Gaskell,406-565-0634,19505 Graceland Drive,
758-70-9343,Kamillah Dirand,694-191-9152,7 Straubel Drive,
110-95-9685,Aura Willcox,539-642-5473,14634 Brown Avenue,
844-95-7471,Bartie MacGown,801-911-5244,4132 High Crossing Circle,
258-39-1201,Daniel Anthes,504-348-8707,98 Beilfuss Parkway,
749-45-5279,Monique Egle,433-997-1002,5 Pennsylvania Lane,
284-89-7668,Dun Fulcher,204-361-1682,68 Corben Circle,
202-56-5096,Courtnay Fairbrass,840-172-7101,883 Westerfield Alley,
531-93-8802,Cornelle Shellshear,614-313-7849,5 Fremont Avenue,
579-79-8402,Willa Goldson,970-337-9399,6 Mcbride Hill,
351-33-0998,Maggi Andrzej,952-258-7240,4 Monterey Way,
745-43-8193,Lawton Aicheson,955-548-0314,5 Grayhawk Place,
406-54-4350,Celestina Canario,197-989-3946,9 Morning Park,
711-04-2343,Ardelle Bowker,864-477-2479,154 Dovetail Pass,
833-91-1999,Ase Thonason,114-165-1536,3539 Valley Edge Park,
748-06-0917,Byrle Pocklington,953-430-0351,63 Stoughton Street,
609-68-2318,Worthy Thew,414-120-9807,2051 Acker Parkway,
399-73-5089,Dixie Flade,887-576-7694,0976 Twin Pines Hill,
588-24-8989,Tracy Sant,420-802-0736,55409 Alpine Plaza,
678-55-3590,Shena Paynton,855-439-8568,50724 Crownhardt Point,
429-22-2217,Dacy Maypother,301-407-5097,8 Kennedy Parkway,
810-48-8710,Jule Arrault,451-900-1398,1 Service Junction,
776-81-9053,Nevin Shutt,360-521-2016,82 Cardinal Drive,
232-61-6632,Etienne Plaskett,207-162-3226,063 Troy Parkway,
899-30-1664,Nikola Ewin,940-544-5271,83 Oriole Crossing,
745-10-2422,Archambault Husband,740-373-6715,20352 Division Circle,
446-03-6696,Hobey Holhouse,992-970-2347,28 Hanson Terrace,
759-37-1352,Jaimie Farnie,273-343-6123,7528 Shoshone Park,
246-66-9321,Morena Macquire,401-825-6961,04 South Terrace,
595-66-7310,Web Hebbard,668-159-3857,0982 Schurz Street,
800-04-3306,Corey Dommett,785-738-3816,41 Iowa Alley,
497-78-1307,Tallie Heditch,426-609-4806,5 Walton Way,
112-21-4059,Hendrika Cogan,213-618-0540,47417 Melvin Point,
448-15-7200,Greg Noods,912-302-6719,6 Summer Ridge Parkway,
816-40-5759,Rand Weavill,309-683-9601,2 Hintze Road,
352-33-9969,Katy Bowkett,666-996-1331,45282 Ronald Regan Parkway,
273-98-4499,Ezequiel Joburn,293-958-2712,4923 Briar Crest Alley,
688-76-5012,Sarina Northeast,847-159-6044,0451 Hollow Ridge Terrace,
460-69-3409,Sapphire Furphy,762-439-7267,31 Vernon Street,
437-98-9387,Tirrell Pagden,909-326-2251,5 Hayes Road,
371-20-4171,Grete Gother,640-736-9068,89235 4th Hill,
402-79-7973,Irwinn Keirle,983-738-4836,8 Meadow Valley Pass,
798-87-2762,Jillian Manning,467-622-5611,9732 Amoth Drive,
145-75-0279,Justinn Charpin,868-840-1548,76287 Northridge Pass,
480-71-1278,Lorrayne Blackaby,249-525-0441,8 Bartillon Lane,
176-11-3531,Chery Benson,651-218-3705,5643 Atwood Street,
543-99-8290,Nico Kubalek,428-585-4653,1 Michigan Way,
538-33-5308,Pansy Dranfield,898-705-8710,8 Nevada Hill,
722-52-4126,Kayne Shotton,141-111-7632,47 Hooker Lane,
629-96-2205,Trenton Sanderson,444-221-3471,9842 American Ash Parkway,
488-42-4367,Morlee Grint,207-664-8645,6 Monica Alley,
581-43-8909,Port Dionisetto,344-202-8857,84 Larry Parkway,
691-06-9776,Kendal MacGee,890-624-3725,01675 Maryland Court,
462-04-0241,Hillard Challice,843-407-6696,382 Sugar Plaza,
704-70-4400,Riki Britney,922-201-6718,32545 Merrick Point,
657-70-4279,Ruben Liddiatt,314-584-2785,5 Butternut Trail,
271-84-4988,Morten Gaughan,921-397-7454,39645 Washington Trail,
723-12-0905,Christy Gianasi,211-823-2834,279 Pierstorff Pass,
288-50-6583,Sol Willmett,541-650-0892,84 Stone Corner Plaza,
597-35-4802,Drona Shuttell,301-240-2375,633 Anthes Hill,
584-75-6677,Otis Cuesta,231-350-2202,6 Merchant Pass,
128-14-1724,Morgen Pordal,631-482-2484,023 Sommers Avenue,
774-13-4471,Arluene Canet,240-574-6347,470 Mcguire Trail,
132-14-7905,Renee Cantwell,197-307-9916,830 Roth Crossing,
102-37-9242,Alistair Winley,887-143-0586,59289 Claremont Avenue,
623-71-3973,Louisa Okenfold,562-986-7531,129 Forest Place,
306-25-0216,Christan Emmot,107-700-2475,58 Fairfield Drive,
454-40-6328,Isahella Meritt,402-844-5570,62428 John Wall Place,
761-55-9149,Northrup Chater,734-250-4630,09 Beilfuss Street,
754-56-7805,Claudianus Scrogges,694-840-7991,7 Schurz Plaza,
628-29-5480,Neron Healeas,680-169-0160,50 Beilfuss Circle,
281-72-0763,Arden Zuanazzi,552-290-4661,22103 Randy Crossing,
738-06-0060,Cathi Sylvester,202-509-3107,1 Hazelcrest Road,
615-84-5767,Terra Ferries,557-164-2747,32 Milwaukee Crossing,
760-64-1629,Luciano Goford,252-724-0048,2857 Lotheville Drive,
676-14-5728,Tybie Crippes,240-984-3151,855 Portage Alley,
495-86-8431,Clem Coad,393-622-4670,2259 Hermina Center,
454-38-0119,Beau Schoales,364-733-7578,8764 Sauthoff Parkway,
582-33-6088,Mordecai Driver,712-813-2149,107 Laurel Place,
371-71-7712,Bail Cumesky,279-903-9605,42 Kensington Pass,
739-07-2877,Moses M'Chirrie,319-107-9668,26 Scoville Lane,
344-61-7528,Abigael Tumielli,320-570-2634,78 8th Plaza,
533-87-5460,Stu Fullegar,579-526-5670,523 Old Gate Avenue,
686-98-4767,Maurene Bleue,572-325-1924,0317 Cherokee Terrace,
512-96-6705,Pooh Lightfoot,263-357-1936,3601 Clyde Gallagher Plaza,
108-85-8966,Ade Flukes,801-702-9366,7217 Glendale Pass,
393-11-2471,Melitta Troni,100-367-8371,073 New Castle Circle,
200-67-8264,Avrom Gossage,213-286-7723,12 Brickson Park Alley,
483-69-9575,Raymund Trollope,794-525-4776,25044 Fairfield Center,
323-28-6391,Wendye Duchatel,995-611-5184,312 Anzinger Crossing,
580-89-7487,Alvis Burth,630-718-8911,1337 Manitowish Plaza,
519-50-9879,Jared Fotherby,428-274-0431,32106 Dawn Way,
323-28-7411,Caryl Tompkin,845-654-5924,19 Monterey Trail,
521-29-2713,Brooks Paulou,409-359-0359,3 Gulseth Road,
111-85-6312,Shell Garie,632-290-2568,2917 Moulton Junction,
784-83-6646,Missie Mears,607-265-9630,4 Kensington Alley,
328-99-9223,Demeter Redmore,279-811-4986,1223 Randy Point,
275-07-1103,Daria Bossons,810-227-4407,65 Bluestem Junction,
247-14-8315,Adolphus Kennally,321-165-1143,3 Grover Pass,
351-67-9865,Jania Woliter,789-761-8945,03238 Lakewood Gardens Alley,
544-90-7912,Arly Andrys,125-268-0467,72829 Delaware Hill,
527-72-7611,Muire Flanne,947-613-1970,72383 Marquette Center,
209-09-4691,Tanny Dalliston,909-101-1941,2 Dapin Hill,
691-50-2703,Neile Pasek,371-905-6315,9757 Hintze Plaza,
307-99-5330,Diarmid Rigard,784-642-9853,47 Sullivan Hill,
414-24-7488,Quillan Killik,433-199-6858,32588 Packers Drive,
319-16-7305,Flo Crellin,404-165-2915,5 Cardinal Court,
345-56-7117,Rakel Sagg,348-624-5934,9102 Buena Vista Court,
526-93-8433,Tripp Hoogendorp,533-289-3879,66 1st Park,
426-02-2050,Town Hamilton,542-705-9712,79 Independence Parkway,
339-13-2850,Waylan Harcarse,285-286-4603,5200 Kropf Point,
281-23-9030,Nealon Selbie,551-985-7305,92932 Anniversary Crossing,
621-18-2183,Jolie Loosley,641-911-0948,56 Victoria Parkway,
394-86-4303,Markus Eiler,970-855-4324,4 Hansons Park,
383-16-2472,Bonita Whorf,414-893-5363,07830 Anzinger Alley,
128-05-4776,Charles Jirick,315-137-7393,0573 Hanson Way,
212-42-0125,Mathian Reedie,460-452-6678,923 Sachs Hill,
232-14-8260,Kris Batman,574-444-5604,9 Declaration Center,
770-68-9641,Nicholle Yendle,580-261-6132,34 Derek Place,
172-73-5334,Rolland Simony,720-189-4832,8164 Michigan Parkway,
649-06-8559,Leroi Elflain,833-430-9730,04 Blaine Trail,
720-41-8792,Miguelita Jopling,199-692-9574,4084 Valley Edge Street,
751-74-1728,Adamo Bresner,312-692-7766,23 Florence Park,
768-95-8192,Kippy Lowther,208-998-8998,425 Golden Leaf Place,
890-10-6335,Bartlett Kigelman,314-541-6159,627 Grover Circle,
161-28-0329,Octavia Burtt,905-927-1919,7 Dunning Place,
280-74-5549,Hy Moreton,343-930-4688,0816 Eggendart Terrace,
298-99-1127,Marillin De-Ville,243-689-1052,2972 Nelson Way,
734-76-8140,Mariska Meedendorpe,221-145-9252,290 Pawling Way,
815-55-4216,Winonah McAirt,531-424-0463,9472 Moose Junction,
625-91-1858,Dorian Wycliffe,265-936-1692,911 Hovde Avenue,
372-80-5831,Casi Towell,749-465-2971,0 Hallows Way,
839-73-9208,Carolyn Zupone,609-536-5100,0 Trailsway Street,
757-32-5923,Emmey Lordon,471-564-7521,02128 Loeprich Court,
407-44-0075,Bryon Zupo,614-387-4988,1521 Stone Corner Court,
715-71-7292,Bambi Criple,183-587-9116,7 Trailsway Junction,
145-52-6305,Olivia Walne,756-301-8467,05960 Pawling Center,
332-89-5565,Miran Duker,316-164-3314,790 Spaight Drive,
149-91-3219,Layla Woodcroft,968-283-1378,19015 Eggendart Park,
280-86-5218,Harlie Dunderdale,203-406-3954,70359 Crowley Court,
818-37-9543,Robinson Fennick,702-417-0724,8 Graceland Point,
676-82-2365,Rosabelle De Francisci,597-832-8952,8 Lakeland Trail,
150-39-6472,Colman Adolphine,390-621-5093,89165 International Center,
752-45-0034,Dorolice Emeline,528-518-5450,2628 Menomonie Pass,
585-34-8830,Barnebas Briffett,435-424-2013,8 Sycamore Park,
473-38-3723,Elka Prop,312-954-8021,28122 Melrose Road,
546-39-1481,Myrvyn Firpi,439-656-2400,026 Debra Court,
113-31-3405,Junette Antonomolii,284-568-0113,83290 Summerview Center,
832-39-1218,Findley Prettjohn,945-979-0250,011 Ridgeview Way,
712-59-0596,Eli Wenn,927-204-0973,61 Village Green Trail,
877-86-8040,Scotty Gooderridge,424-167-4719,5942 Londonderry Avenue,
538-49-9737,Ashli Lidden,462-297-6906,522 Fair Oaks Road,
119-92-7673,Hugues Sabbins,837-550-7347,7057 Almo Place,
829-02-0493,Shandra Algeo,719-908-0977,5899 Morning Center,
545-18-5761,Alica Domenichini,380-993-8433,9492 Delladonna Circle,
114-44-0507,Stacey Smittoune,202-536-8857,68 Lukken Park,
800-82-5451,Bride Guyer,556-237-1693,3202 Novick Point,
844-51-2614,Joly Lindenbaum,849-842-3589,576 Homewood Parkway,
608-06-0995,Waite Ambler,267-498-6089,7 Clarendon Alley,
416-84-4075,Moina Rolling,120-157-5941,6213 Division Way,
217-51-4425,Bron Jannex,295-124-7741,93 Pearson Road,
357-31-4190,Vincenty Gillott,345-294-7058,3477 Havey Crossing,
125-12-0653,Abran Loffhead,609-738-4760,592 Prairie Rose Point,
570-31-3227,Gaylene Caberas,308-278-9976,6 John Wall Crossing,
136-34-7533,Danna Poyner,475-330-9347,86 Comanche Place,
451-34-9971,Drusilla Pourveer,898-481-3243,3739 Anzinger Terrace,
754-50-8444,Natividad Pimmocke,290-308-9126,86564 Westend Terrace,
423-90-5414,Nat Matuszkiewicz,115-149-5489,39247 Florence Plaza,
199-70-5471,Tan Revington,392-928-0181,438 Hagan Way,
557-75-6916,Janella Merrin,364-614-7556,068 Kenwood Park,
137-26-3062,Thorn Rylatt,877-614-3999,66004 Petterle Point,
736-26-2030,Chanda Goshawke,120-795-4475,6 Colorado Hill,
467-09-3294,Rhys Posselwhite,514-529-9210,9 Norway Maple Pass,
609-99-3465,Seward Gipp,150-386-9160,5 Melvin Terrace,
497-21-3128,Ambrosi Orkney,624-994-3225,008 Fairview Alley,
497-36-1226,Claudine Rowntree,881-238-0415,7933 Westend Point,
617-40-9317,Arluene Schankelborg,588-122-1709,7998 David Court,
549-01-5574,Joseito Beden,295-900-6584,7604 Bashford Plaza,
118-65-5165,Karissa Trevan,327-374-5485,2278 Bowman Road,
622-45-4168,Marven Lyte,680-108-3504,7 Maryland Plaza,
628-83-6804,Chuck Jurn,956-544-2459,620 Hudson Drive,
729-71-9048,Orton Loughead,357-670-8412,90658 Sutteridge Park,
632-57-8716,Herbie Collison,206-406-2954,6977 Prairieview Trail,
321-86-5388,Denni Mathiasen,287-268-3328,9672 Hagan Alley,
826-79-3219,Rebekah Yockley,651-329-1476,57350 Alpine Point,
850-93-5278,Glynn Grinyov,503-620-1086,971 Vahlen Pass,
147-26-7467,Delly Spall,811-487-4586,51 Rutledge Parkway,
471-45-1146,Romy Plackstone,222-464-0061,55562 Union Terrace,
158-52-8245,Aube Sterrie,180-134-4637,4 Lien Parkway,
576-02-9582,Llywellyn Dunsire,547-190-1101,3 Grasskamp Alley,
130-16-0739,Kaila Steptow,306-406-0595,7 Summit Court,
575-92-8461,Jo Temprell,499-184-6808,319 Lake View Trail,
120-25-3281,Jeanette Myton,500-907-2838,902 Jana Point,
223-98-3216,Myrna Hitter,682-745-6793,6 Mayfield Pass,
465-35-1033,Catharine Banbrook,339-638-2545,4 Stuart Crossing,
766-75-2201,Demott Harden,281-211-0201,80728 Sage Point,
322-05-1737,Donaugh Simkin,923-671-1847,8265 Morningstar Hill,
297-37-9102,Doti Biddiss,456-762-7785,00317 Lunder Junction,
232-53-8353,Claudine Schiell,230-630-4996,7 Mitchell Trail,
823-42-8122,Valentine Grimley,516-197-0117,12255 Killdeer Avenue,
521-58-3341,Gerta Laugherane,345-857-0024,1145 Hauk Park,
507-86-7135,Mallory Clandillon,723-582-6882,1515 Loomis Point,
256-08-9207,Marcy Musker,462-673-4781,7 Bay Hill,
212-65-7468,Jayson Elphinston,894-201-9816,7 Logan Circle,
705-89-2646,Tymothy Bengle,890-312-2158,0 Dawn Hill,
339-16-3895,Lura Bonifazio,543-958-5856,6 Sutteridge Place,
444-80-4532,Pandora O Sullivan,646-472-4142,57 Brickson Park Pass,
776-66-7042,Zorine Densey,175-816-4269,93193 Blaine Hill,
296-99-8455,Ariella Jelphs,473-392-4737,2362 Graedel Court,
213-55-1990,Tate Innott,741-721-7872,3130 Eliot Lane,
324-74-9450,Duffy Ennew,572-907-0582,90 Pawling Court,
314-07-1161,Alva Vasilyevski,478-140-6260,92 Debra Avenue,
513-65-6653,Wrennie Stanluck,502-326-2982,08 Troy Street,
791-91-7003,Demetris Buney,521-352-4214,6 Annamark Hill,
494-37-6520,Gennifer Bedwell,827-824-3714,1179 Ronald Regan Terrace,
307-08-1583,Samuel Beynon,422-524-6492,455 Huxley Circle,
442-37-9818,Hodge Polle,808-686-4202,60 Welch Center,
550-52-7212,Mendel Filochov,876-326-0404,0 Melvin Hill,
723-03-3205,Kenon Wackett,769-559-3392,453 Esch Court,
192-86-7149,Lazaro Brezlaw,373-889-5764,04 Delaware Pass,
243-11-1164,Dru Abthorpe,395-655-4336,53 Fairview Center,
374-94-8493,Carter Kobpal,437-339-4423,7 Dottie Road,
447-87-2238,Si Paroni,868-984-7283,54732 Amoth Plaza,
300-08-6676,Cathi Winter,870-194-5947,830 Briar Crest Point,
361-58-1523,Leola Muggach,128-242-6058,823 Hagan Junction,
659-20-9780,Fernando Macvain,424-540-2877,43 Helena Circle,
123-32-3789,Frederico Heindl,579-584-2634,673 Loftsgordon Parkway,
593-69-7039,Loreen Beggini,570-713-9951,26074 Mcbride Court,
415-70-0083,Rriocard Innman,321-126-6768,8 Waywood Place,
802-53-7486,Aubrette Orys,331-127-6359,953 Donald Way,
597-59-3795,Birdie de Nore,544-847-3968,8415 Crowley Drive,
683-24-6985,Peggi McClintock,730-444-7315,20 Johnson Terrace,
709-84-0964,Theo Courteney,632-726-2273,294 Susan Plaza,
448-22-2068,Lyn Genike,941-922-9269,5837 Texas Drive,
382-07-1152,Rosaline Gooday,858-595-5530,82607 Old Shore Park,
599-82-6105,Alecia Petegree,485-815-3693,69132 Nevada Court,
297-68-1026,Ward Mitchener,607-220-7737,4298 Eagle Crest Junction,
657-29-0406,Moss Spirit,615-617-5887,37 Rieder Road,
783-71-7910,Rosabelle Blueman,831-587-7602,3477 Glendale Center,
338-95-3889,Rodolphe Burris,576-196-2539,7 Delladonna Way,
729-72-2297,Ella Haythornthwaite,354-811-2397,13275 Warner Avenue,
819-29-1251,Jaye Dunsford,231-877-3081,99047 Ryan Park,
335-44-4764,Martha Lownes,141-180-1922,13094 Dahle Trail,
680-24-8095,Lynda Glazer,323-225-4586,3 Trailsway Circle,
526-57-4269,Chelsey Raynes,208-905-2994,2 Stephen Crossing,
131-88-0919,Lewie Wordesworth,214-644-6275,44 Transport Park,
163-93-1046,Timmi Wrankling,368-492-1864,788 Buell Street,
148-09-5382,Alfredo Caulcott,858-630-9181,3 Haas Road,
660-64-1585,Bibby McClaurie,150-587-4996,9414 Ohio Junction,
461-53-2979,Zorina Shout,387-759-3253,3720 Randy Pass,
538-94-3832,Kippie Janodet,545-293-8351,9691 Hintze Junction,
665-84-8481,Hamish Loeber,898-627-2968,96 Stephen Pass,
504-05-9446,Cayla Angear,763-699-1722,47 Reindahl Place,
500-11-6585,Aldon Jammes,504-502-7643,90128 Bultman Hill,
143-44-9497,Ulberto Kupisz,798-394-4864,4723 Utah Parkway,
770-02-8107,Harcourt Blasetti,632-468-6579,046 Vermont Pass,
432-50-4369,Maxi Perrottet,903-387-5393,67 Debs Plaza,
745-40-6052,Bernita Cucuzza,855-770-8645,35777 Superior Alley,
653-31-5976,Lindie Paulton,119-584-4548,5750 Bayside Center,
105-26-0727,Steffen Kerwin,147-381-5953,92 Ryan Parkway,
433-88-0101,Colin Aldie,209-868-0399,097 Kenwood Park,
