storeName,ownerName,contact,email,openTime,closeTime
Meetz,Otto Dimitriou,26-8374760,odimitriou0@usnews.com,14:16:19,22:02:32
Tambee,Avrit Masser,83-0173610,amasser1@cpanel.net,19:10:41,04:34:07
Twinte,Rosabelle Kuhnwald,42-9196780,rkuhnwald2@ed.gov,07:10:23,23:32:04
Riffpath,Teena Berens,34-7986734,,17:41:49,07:09:52
Brainlounge,Sampson Philliskirk,48-4175371,sphilliskirk4@guardian.co.uk,11:06:51,11:44:30
Voolith,Porty Empleton,12-1994842,pempleton5@slashdot.org,11:33:56,08:38:04
Oyoloo,Brandie Searsby,73-3251170,bsearsby6@t-online.de,14:06:25,18:32:54
Mydeo,Jessika Orrow,28-6601526,jorrow7@shareasale.com,22:06:20,11:36:26
Quamba,Rheba Triner,77-3799919,rtriner8@businesswire.com,21:53:18,08:24:39
Vidoo,Abel Forde,64-6304855,,11:34:29,11:52:38
Janyx,Aloysius McAusland,36-3967921,amcauslanda@wikimedia.org,01:10:04,03:08:58
Vinder,Hy Symondson,17-7726381,hsymondsonb@amazonaws.com,05:21:34,17:32:16
Browseblab,Milissent De Leek,35-0569648,mdec@va.gov,23:46:20,23:31:48
Fanoodle,Percy Hellwig,55-9157246,phellwigd@yandex.ru,00:36:26,03:51:39
Oyonder,Raffarty Coad,09-4195247,rcoade@parallels.com,22:21:29,08:39:25
Thoughtsphere,Melba MacMakin,76-8614286,mmacmakinf@google.cn,06:16:13,08:40:33
Photobug,Kirbee Baxster,29-1331888,kbaxsterg@amazon.de,09:59:44,22:11:47
Dabfeed,Jenni Bortolini,72-9718042,jbortolinih@census.gov,18:57:21,08:58:48
Fivespan,Dael Tiner,37-7380630,dtineri@shop-pro.jp,13:40:14,08:54:20
Topicstorm,Eadmund Lohering,78-4286685,eloheringj@eepurl.com,12:02:40,06:17:32
Yodoo,Cinderella Mularkey,57-0328014,cmularkeyk@ihg.com,07:39:18,15:04:19
Einti,Octavia De Giorgis,17-4405763,odel@yandex.ru,07:46:23,03:39:52
Jaxbean,Odele Ashlee,28-8202527,oashleem@fotki.com,08:10:39,13:34:17
Aimbo,Dewain Dalrymple,50-6593678,ddalrymplen@yahoo.com,00:26:50,02:08:42
Midel,Jenelle McVie,28-3561614,jmcvieo@nyu.edu,22:14:37,17:41:21
Yakitri,Auroora Willingham,02-4545630,awillinghamp@cbslocal.com,08:15:38,23:22:06
Fatz,Virgina Classen,12-9441357,vclassenq@sohu.com,08:36:12,03:14:51
Meetz,Sabine Kingsman,29-5653582,skingsmanr@zdnet.com,10:02:12,19:24:34
Blogspan,Lorain Tourot,32-3989574,ltourots@w3.org,18:39:24,00:59:47
Ntags,Adela Cotsford,89-1835133,acotsfordt@taobao.com,13:45:12,14:44:32
Snaptags,Casey Reape,85-2944116,creapeu@typepad.com,20:59:04,12:50:03
Photojam,Osbert Durrand,92-6537876,,05:28:24,20:01:35
Bubbletube,Vivianne Cosins,51-9426818,vcosinsw@usgs.gov,23:47:35,20:43:13
Leexo,Rube Boynton,90-3948092,rboyntonx@mozilla.com,17:51:53,15:11:05
Voolith,Donalt Wastall,81-9591102,dwastally@google.pl,09:12:54,16:19:24
Brainlounge,Gwenette Orange,71-4876864,gorangez@behance.net,07:44:20,08:25:28
Skimia,Sonnie Mustoo,40-3434054,smustoo10@hugedomains.com,04:21:05,03:20:32
Katz,Fonz Bartolomeazzi,89-9120264,fbartolomeazzi11@cafepress.com,22:25:40,00:47:25
Eadel,Florrie Tompkiss,10-2078143,ftompkiss12@nydailynews.com,19:49:17,17:52:03
Blogspan,Lexis Patsall,81-4416908,lpatsall13@bloomberg.com,23:14:44,01:18:42
Topicstorm,Nicolai Blampey,46-0717052,nblampey14@jugem.jp,13:57:49,12:56:14
Ailane,Thurston Tatton,56-0999841,ttatton15@jigsy.com,19:35:15,03:43:25
Topiczoom,Pierrette Honeywood,79-4286732,phoneywood16@seesaa.net,21:56:40,08:47:52
Bubbletube,Layton Wilkerson,26-2503261,lwilkerson17@admin.ch,16:47:38,00:25:29
Rhycero,Aprilette Stollenbeck,98-2702024,astollenbeck18@sciencedirect.com,07:53:45,11:29:15
Topicware,Morse Tabourin,41-0378420,mtabourin19@sciencedirect.com,01:26:29,00:16:55
Eayo,Pietrek Perfili,62-8243409,pperfili1a@state.tx.us,09:31:21,22:06:33
Vitz,Eli Libermore,35-6893336,elibermore1b@ycombinator.com,21:27:24,13:45:59
Thoughtworks,Chauncey Steddall,52-8934152,csteddall1c@domainmarket.com,03:08:47,02:08:55
Feedfish,Dory Wedmore,63-6745677,dwedmore1d@businesswire.com,07:24:22,19:38:27
Fivespan,Godiva Baison,46-6964402,gbaison1e@prnewswire.com,01:37:06,17:33:01
Skippad,Mellisa Fitzjohn,51-4085053,mfitzjohn1f@paginegialle.it,16:50:57,08:49:38
Rhynyx,Farrel Ligertwood,08-2674639,fligertwood1g@army.mil,20:24:01,23:38:00
Rhyloo,Dede Filkov,34-3149333,dfilkov1h@reverbnation.com,06:13:54,21:10:18
Kazio,Therese Basson,54-4654901,tbasson1i@google.es,17:51:34,05:19:33
Aibox,Maxi Collumbine,71-6252077,mcollumbine1j@tmall.com,21:55:59,04:17:08
Ntag,Arlana Broadhead,99-9671439,abroadhead1k@flavors.me,15:24:52,09:45:08
Babbleopia,Kerrie Petkens,61-2542486,kpetkens1l@mozilla.org,13:31:36,06:17:37
Agivu,Wally Chatelet,02-9433147,wchatelet1m@hexun.com,04:40:33,05:57:01
BlogXS,Bay Limbourne,28-2111753,blimbourne1n@wix.com,06:27:36,18:05:37
Tagchat,Kirk Sarfas,88-9639567,ksarfas1o@buzzfeed.com,15:32:38,08:59:16
Photospace,Chancey McGaraghan,52-1793603,cmcgaraghan1p@feedburner.com,21:46:12,18:30:22
Devify,Eb Nolan,05-1849169,enolan1q@sbwire.com,04:02:35,21:59:43
Blogtag,Jude Matei,13-2413319,jmatei1r@amazonaws.com,10:00:32,09:45:40
Ozu,Fidela Sterricks,78-6376331,fsterricks1s@nasa.gov,08:07:46,06:05:03
Voomm,Pail Elcox,54-0688463,pelcox1t@about.com,01:29:35,13:44:36
Twimbo,Kellby Frowen,57-2556805,kfrowen1u@who.int,12:21:07,16:37:35
Edgeclub,Goldia Melmar,55-1806465,gmelmar1v@privacy.gov.au,16:22:44,16:30:29
Brainsphere,Joshia Wigzell,32-4635393,jwigzell1w@princeton.edu,19:00:55,21:43:55
Voomm,Jerrilee Andrysek,89-7757196,jandrysek1x@arizona.edu,01:04:24,20:01:26
Jamia,Brent Soppit,75-1274740,bsoppit1y@gov.uk,20:56:11,07:17:09
Jaxworks,Maryrose Purkiss,43-7392744,mpurkiss1z@yellowpages.com,22:31:45,07:19:11
Twinder,Anette De Domenico,21-2354318,ade20@spiegel.de,05:32:27,11:24:41
Livepath,Kile Fellenor,26-3412645,kfellenor21@senate.gov,23:32:00,16:51:25
Pixope,Courtnay Huzzay,37-6261924,chuzzay22@answers.com,18:45:06,21:22:33
Jayo,Erminie Skeene,78-0281229,eskeene23@comcast.net,14:35:34,10:42:32
Bluejam,Fanya Massenhove,15-6479346,fmassenhove24@bandcamp.com,22:53:01,01:54:05
Feedbug,Jean Norkett,02-6223322,,22:32:47,15:52:17
Babblestorm,Conny Cream,97-1211471,ccream26@hostgator.com,23:37:49,02:14:45
Wordtune,Blakelee Tebbett,89-6130362,btebbett27@bizjournals.com,08:53:15,10:35:55
Zoomlounge,Klara Linnett,25-0785424,klinnett28@lulu.com,05:55:14,22:27:24
Innotype,Geordie Gerling,03-4025616,ggerling29@hp.com,04:36:24,15:42:43
Tagfeed,Meggi Hebson,40-1902737,mhebson2a@vinaora.com,10:40:24,01:28:13
Feedbug,Hulda McKinless,72-1032795,hmckinless2b@tmall.com,09:10:45,01:25:11
Buzzbean,Jesselyn Hamilton,37-2211242,jhamilton2c@techcrunch.com,17:43:41,03:29:58
Photobean,Mireille Weal,50-9339362,mweal2d@webnode.com,03:40:48,21:36:48
Meejo,Suzie Silverthorne,10-2062282,ssilverthorne2e@bizjournals.com,04:52:49,04:48:07
Linktype,Chloris Grzegorecki,38-4684347,cgrzegorecki2f@yellowpages.com,21:56:04,11:16:56
Twitterbridge,Whittaker Lorenzetti,68-6536042,wlorenzetti2g@yolasite.com,01:39:46,06:52:25
Yamia,Ferrel Balme,69-9697464,fbalme2h@xinhuanet.com,19:56:38,04:09:32
Realcube,Philippine Killeley,29-6549235,pkilleley2i@cisco.com,02:03:11,02:37:43
Reallinks,Ellery Killwick,85-8188772,ekillwick2j@globo.com,10:35:20,16:34:27
Camido,Dre Stroban,16-2072489,dstroban2k@unicef.org,08:27:10,14:14:29
Yombu,Tybalt Burbidge,25-4271757,tburbidge2l@sun.com,00:13:39,01:12:51
Roombo,Nadya Surmeir,55-0306701,nsurmeir2m@elpais.com,01:05:09,21:00:45
Jabberbean,Minni Needham,04-1273948,mneedham2n@techcrunch.com,20:26:40,13:04:04
Gigaclub,Benny Beneteau,04-2342863,bbeneteau2o@imdb.com,22:04:57,18:53:09
Trudoo,Mile Wren,54-3596090,mwren2p@boston.com,08:41:31,20:30:45
Gigazoom,Cathryn Cleever,04-4489215,ccleever2q@cyberchimps.com,20:43:41,11:48:28
Skivee,Erroll Desporte,94-4072661,edesporte2r@google.es,03:30:55,03:12:24
Fivebridge,Scot Warrior,57-6317310,swarrior2s@newyorker.com,05:01:26,10:12:20
Tagpad,Wilfred Halkyard,60-6993206,whalkyard2t@acquirethisname.com,18:15:06,10:24:51
Devpoint,Willa Donald,84-1424946,wdonald2u@accuweather.com,21:00:31,07:19:32
Eimbee,Erinna Bendall,56-0656810,ebendall2v@lulu.com,11:06:37,01:23:05
Dazzlesphere,Melesa Roderigo,91-1387065,mroderigo2w@howstuffworks.com,16:14:16,01:16:03
Jaxnation,Karlens Cassel,28-6321272,,10:01:41,18:36:32
Jetpulse,Amble Wessel,91-6583846,awessel2y@cloudflare.com,11:21:32,21:06:05
Avaveo,Roseanne Picard,33-5762632,rpicard2z@slashdot.org,01:07:26,14:20:30
Feedfish,Baryram Dummigan,00-6523537,bdummigan30@quantcast.com,00:53:02,16:54:37
Npath,Florry Kildea,44-1628523,fkildea31@wsj.com,12:56:13,13:04:45
Topicstorm,Nevile Fallen,86-9646021,,17:22:51,18:21:07
Yoveo,Bert Yeomans,43-0759241,byeomans33@globo.com,08:34:18,15:25:56
Oozz,Johann Godfree,39-4206223,jgodfree34@soundcloud.com,20:02:41,23:32:36
Quatz,Astrix Densun,69-8135568,adensun35@blogspot.com,10:43:23,15:25:26
Tagfeed,Lynnette Archibald,69-8812130,,18:30:47,10:32:05
Wordtune,Bartel Kuhnhardt,77-8994185,,23:27:29,09:05:40
Shufflester,Nissa Forcer,88-8592337,nforcer38@springer.com,18:50:25,06:41:52
Wordify,Lucais Maile,44-0937315,,00:50:00,04:56:30
Kwimbee,Claudia Worwood,57-0044813,cworwood3a@alibaba.com,17:44:21,05:31:06
Skipfire,Zebedee Lambal,41-3016579,zlambal3b@google.es,21:46:54,23:56:11
Leexo,Teddie Cogan,90-0740131,tcogan3c@wikimedia.org,17:26:11,00:41:04
Wikivu,Fleming Nurse,27-9321980,fnurse3d@bluehost.com,05:59:32,17:26:53
Twitternation,Wilfred Malmar,11-7402164,wmalmar3e@time.com,21:35:18,01:11:10
Skiptube,Chelsey Cromett,25-6005044,ccromett3f@slashdot.org,02:27:38,15:12:34
Jabbercube,Carson Molan,81-3841033,cmolan3g@bizjournals.com,23:16:50,06:25:32
Trilia,Gilbertina Farran,61-6214897,gfarran3h@shareasale.com,17:50:31,19:09:38
Yakidoo,Evania Twitchett,48-9782660,etwitchett3i@hud.gov,18:48:03,14:18:22
Devshare,Lorry Carmen,05-1061926,lcarmen3j@microsoft.com,23:25:50,07:52:37
Minyx,Rock Dominighi,71-0401758,rdominighi3k@artisteer.com,03:18:11,01:46:20
Meezzy,Vergil Bastistini,23-5777771,vbastistini3l@howstuffworks.com,13:09:36,12:33:26
Livetube,Kizzee Isakov,59-2447024,kisakov3m@google.ru,19:57:19,12:32:41
Demizz,Roana Haxell,38-4353852,rhaxell3n@stanford.edu,05:33:32,09:12:40
Fiveclub,Jacquie Goodayle,69-7485028,jgoodayle3o@exblog.jp,02:53:18,17:31:15
Wikivu,Joey Freund,63-1019157,jfreund3p@time.com,16:03:47,13:25:35
Kazio,Clive Lanigan,10-6109881,clanigan3q@seesaa.net,00:18:18,21:28:58
Flashset,Turner Chevers,83-5059244,,01:23:04,15:36:54
Riffpath,Karalee Starbeck,98-5336313,,21:56:23,00:14:32
Youfeed,Mead Jenkison,40-5242706,mjenkison3t@tiny.cc,07:20:51,10:48:18
Nlounge,Alex Justham,86-5489624,ajustham3u@yandex.ru,05:49:08,04:35:30
Wikizz,Lynnell Vanner,73-2426756,lvanner3v@uiuc.edu,12:37:15,20:27:19
Aibox,Judah Pollendine,86-6936294,jpollendine3w@sohu.com,13:00:35,22:01:03
Einti,Carolina Duiged,19-1187607,cduiged3x@mlb.com,10:20:00,12:23:30
Oodoo,Edith Springall,58-4856769,espringall3y@t-online.de,08:16:37,19:00:35
Buzzshare,Ethelda Genn,20-8930757,egenn3z@uol.com.br,06:57:28,15:55:20
Wordify,Cyndi Bidewell,15-0451385,cbidewell40@ucoz.com,09:41:47,11:29:30
Tagfeed,Quintina Gibke,48-7960475,qgibke41@posterous.com,06:57:31,21:10:27
Meedoo,Brooks Eldredge,37-8892831,beldredge42@ustream.tv,08:05:08,08:45:08
Aimbu,Alyosha Brocklebank,83-4293309,abrocklebank43@multiply.com,04:20:20,14:13:52
Quimba,Carla Treasaden,68-8674030,ctreasaden44@comsenz.com,13:45:31,12:51:28
Browsetype,Kathie Byer,60-3901677,kbyer45@tuttocitta.it,17:11:51,10:38:30
Voomm,Carroll Schindler,55-1392186,cschindler46@cbsnews.com,03:51:42,15:07:42
Einti,Archy Scadden,86-5939868,ascadden47@aol.com,16:58:03,16:45:24
Yacero,Yard Kummerlowe,84-8108898,ykummerlowe48@oakley.com,05:22:00,08:41:51
Twimbo,Umeko Tale,70-6334970,,22:26:29,16:28:40
Midel,Xenia Jorck,45-4604977,xjorck4a@bbb.org,04:06:19,14:44:45
Devshare,Shalna Havers,10-1363034,,18:39:02,04:31:14
Tazz,Duffy Apfler,71-6474009,dapfler4c@paypal.com,19:40:49,22:43:16
Jazzy,La verne Dinis,52-8340936,lverne4d@ted.com,10:09:08,02:16:45
Jayo,Filia McOwen,25-2710385,fmcowen4e@fc2.com,05:47:58,00:04:32
Zoombeat,Marianne Fellos,58-6052766,mfellos4f@booking.com,18:51:55,23:00:37
Livetube,Harrietta Cliffe,40-8532891,hcliffe4g@discuz.net,13:50:40,01:05:34
Ntag,Agnella Pickup,35-0282555,apickup4h@pen.io,05:39:46,23:33:03
Rhyzio,Tonye Ateridge,80-4279683,tateridge4i@dyndns.org,18:54:46,14:19:26
Skippad,Danita Crollman,09-5097856,dcrollman4j@youtube.com,09:16:52,11:41:54
Photospace,Aloise Tethacot,96-0643747,atethacot4k@slashdot.org,22:52:30,08:55:11
Mymm,Lurline Goretti,50-3328206,lgoretti4l@tripadvisor.com,19:10:50,10:54:55
Tekfly,Odie Lofting,23-7998197,olofting4m@who.int,14:11:48,16:34:19
Kazio,Allyn Andrag,34-2606696,aandrag4n@state.tx.us,11:14:07,10:23:39
Tagopia,Eustacia Somerbell,40-2496206,esomerbell4o@auda.org.au,19:01:14,15:28:33
Katz,Faythe Glasspoole,26-3192720,fglasspoole4p@mac.com,09:49:00,09:31:46
Buzzshare,Kamillah Challiss,92-8207976,kchalliss4q@xrea.com,07:56:20,01:24:07
Flipbug,Audrie Waldocke,09-9422187,,04:46:16,22:15:41
Quimm,Waverly Pawlett,81-6337995,wpawlett4s@yolasite.com,20:53:03,09:44:44
Ainyx,Phillis Hennemann,88-0776895,,17:41:45,01:37:44
Ainyx,Roxana Parradine,76-6672634,rparradine4u@github.com,15:09:24,21:40:43
Devshare,Idell Templeton,95-6488181,itempleton4v@furl.net,13:59:20,06:04:38
Talane,Ermin Mowle,53-2804727,emowle4w@tuttocitta.it,16:42:27,01:42:14
Agivu,Mitchael Kitchingham,04-5178147,mkitchingham4x@marketwatch.com,03:41:10,04:48:15
Linklinks,Frants Jiranek,41-6067199,fjiranek4y@behance.net,08:41:35,03:10:51
Thoughtbridge,Chet Bestiman,03-9735498,cbestiman4z@stumbleupon.com,11:17:21,07:54:09
Yadel,Cristabel Backen,56-9921295,cbacken50@cnet.com,04:28:13,09:35:07
Podcat,Margery Marston,39-7162694,mmarston51@statcounter.com,08:26:20,20:08:20
Mydeo,Lyell McCurry,30-0288713,lmccurry52@jigsy.com,20:32:45,04:17:09
Tazzy,Pietro Hubatsch,75-6430033,phubatsch53@cmu.edu,18:52:49,03:59:24
Pixope,Tiertza Presland,51-0588508,tpresland54@microsoft.com,05:12:14,12:34:44
Eimbee,Stanislaw Skaife d'Ingerthorpe,53-5267471,sskaife55@google.pl,12:48:49,10:30:44
InnoZ,Rainer Breston,00-9898887,rbreston56@foxnews.com,13:35:30,04:48:18
Wikizz,Erminia Morfield,79-3225937,emorfield57@unesco.org,22:37:43,02:01:01
Realfire,Isabeau Germon,04-2080062,igermon58@geocities.com,01:39:13,06:11:48
Oyope,Francesca Curthoys,32-7138288,fcurthoys59@rambler.ru,06:21:02,07:55:35
Realfire,Washington Cavilla,79-7911135,wcavilla5a@wisc.edu,17:12:19,01:55:24
Youtags,Andree Muldowney,92-2167943,amuldowney5b@lulu.com,21:13:48,12:29:16
Flashdog,Martyn Gaythorpe,94-4307893,mgaythorpe5c@indiegogo.com,15:30:02,06:29:33
Trilith,Clim Toffolo,10-8961196,ctoffolo5d@list-manage.com,10:09:16,19:46:59
Avamm,Josi Hovington,37-3159879,jhovington5e@si.edu,00:40:46,23:09:33
Trupe,Rikki Scamaden,77-5580534,rscamaden5f@psu.edu,10:13:03,23:22:08
Trilia,Demetri Matuschek,97-4186211,dmatuschek5g@hatena.ne.jp,22:26:06,10:58:08
Babbleset,Bancroft Spino,92-6081558,bspino5h@nasa.gov,05:13:15,23:02:02
Oloo,Caro Thurlow,93-2012589,cthurlow5i@mayoclinic.com,02:51:12,18:30:00
Camido,Charleen Rodell,76-6314461,crodell5j@alexa.com,17:10:15,07:15:05
Yakidoo,Drucill Dorward,89-0501908,ddorward5k@china.com.cn,20:03:07,20:51:14
Shuffledrive,Francisca Alston,15-7713428,falston5l@utexas.edu,12:46:10,20:09:19
Mydo,Quintilla Dust,80-0183914,qdust5m@bloglines.com,01:17:16,08:55:22
Gabvine,Sauveur Willmott,26-3218104,swillmott5n@lycos.com,19:08:54,01:21:56
Chatterpoint,Mariquilla Jermyn,85-7732211,mjermyn5o@mit.edu,06:36:44,10:04:45
Flashspan,Tadeo Shotter,13-2329594,tshotter5p@yahoo.com,08:00:21,05:02:41
Browsezoom,Ada Rockwell,31-2374142,arockwell5q@sina.com.cn,16:10:31,23:58:29
Livetube,Amil Grundon,20-3971766,agrundon5r@youtu.be,07:28:11,23:17:20
Ozu,Reina Lappin,41-9978811,rlappin5s@omniture.com,09:17:44,02:25:38
Twinder,Daffy Buckoke,44-7598984,dbuckoke5t@surveymonkey.com,17:12:51,20:04:17
Fadeo,Emera Jagiela,47-7834235,ejagiela5u@bing.com,18:04:42,09:11:00
Skyble,Fidelia Pickwell,98-4979063,fpickwell5v@imageshack.us,06:24:13,19:27:59
Twinder,Alanson Glason,55-3470034,,16:20:26,13:51:08
Centimia,Brit Franklen,17-4439885,bfranklen5x@accuweather.com,09:31:41,17:31:27
Realblab,Barrett Manginot,57-6712648,bmanginot5y@spotify.com,21:25:06,18:16:19
Shuffledrive,Adela Cluley,38-6303849,acluley5z@odnoklassniki.ru,11:29:51,05:10:12
Meevee,Trueman Benardet,40-8640854,tbenardet60@twitter.com,23:29:49,21:50:48
Buzzbean,Rancell Biggar,19-4298951,rbiggar61@latimes.com,23:58:47,00:19:39
Gabtype,Bria Serotsky,07-8366075,bserotsky62@devhub.com,14:48:22,00:53:16
Oyondu,Helenelizabeth Yackiminie,58-2744979,hyackiminie63@google.it,13:51:36,20:23:29
Browseblab,Franny Grumble,71-8666385,fgrumble64@soundcloud.com,17:08:12,10:23:01
Nlounge,Ethelbert Mansell,31-5145140,emansell65@google.pl,21:09:05,19:33:26
Flashspan,Lowell Batho,93-5228206,lbatho66@yellowpages.com,15:03:21,16:48:42
Dablist,Cullin Sinisbury,08-1074855,csinisbury67@techcrunch.com,02:11:53,06:35:51
Thoughtmix,Doti Le Brom,24-3834971,dle68@berkeley.edu,13:03:14,16:31:53
Twitternation,Dynah Waldie,69-2927824,dwaldie69@delicious.com,03:26:00,22:14:46
Topiczoom,Wallache Griggs,79-8339381,wgriggs6a@google.co.uk,07:24:23,21:49:42
Cogidoo,Inness Gillman,30-0693531,igillman6b@house.gov,20:06:41,11:25:37
Quatz,Jaquenetta Woollam,46-1924772,jwoollam6c@odnoklassniki.ru,14:49:24,08:18:15
Blogtag,Tami Theml,90-9085364,ttheml6d@house.gov,04:23:33,20:20:59
Devcast,Jarid Clementet,07-1331299,jclementet6e@over-blog.com,05:12:14,00:03:38
Brightbean,Umeko Moultrie,00-9547218,umoultrie6f@so-net.ne.jp,02:01:10,13:54:45
Jaxnation,Aubrey Shilliday,77-7146494,,10:56:40,09:31:40
Aimbo,Lothario Lotterington,23-6221564,llotterington6h@bbb.org,00:23:43,22:17:52
Babbleopia,Carney Guite,78-8487669,cguite6i@usa.gov,09:30:24,18:20:30
Zoomzone,Lewie Beamond,25-8464643,lbeamond6j@mozilla.org,03:34:57,14:10:48
Roombo,Adiana Rosling,72-9470056,arosling6k@skype.com,13:14:18,03:00:23
Blogpad,Darsie Downey,57-3146685,ddowney6l@yahoo.co.jp,12:46:25,09:26:44
Vitz,Missie Monkman,60-6605705,mmonkman6m@squarespace.com,05:14:12,15:48:42
Wikido,Babbie A'Barrow,85-1198408,babarrow6n@cnn.com,17:18:56,06:53:00
Ooba,Yasmeen Bayman,51-7527204,ybayman6o@craigslist.org,23:43:18,18:39:32
Ntags,Margaretta Beston,94-4002065,mbeston6p@senate.gov,12:35:42,20:35:34
Fadeo,Mufi Terron,40-8924370,mterron6q@admin.ch,14:49:30,23:15:10
Rhynyx,Bobby Batisse,06-7008794,bbatisse6r@harvard.edu,00:27:48,16:29:04
Skyndu,Hedwig Evins,36-2362521,hevins6s@google.com.hk,14:05:12,00:14:28
Centimia,Marji Stienton,32-8924673,mstienton6t@edublogs.org,03:04:04,21:36:08
Minyx,Mitchell Bryson,82-9747865,mbryson6u@simplemachines.org,18:25:49,21:55:44
Oyoba,Goddard Pyser,18-6283704,gpyser6v@fc2.com,11:33:38,03:21:41
Edgeblab,Jordana Scorrer,41-9797851,jscorrer6w@pinterest.com,20:58:48,04:27:03
Meevee,Jermain Eagger,50-7397814,jeagger6x@dailymail.co.uk,22:58:27,13:41:11
Tagopia,Mab Ohm,32-0110466,mohm6y@flickr.com,11:53:10,02:49:42
Yakitri,Sterne Fuzzey,55-4585368,sfuzzey6z@freewebs.com,10:46:05,00:39:08
Quimm,Hall Karby,75-1378451,hkarby70@nsw.gov.au,10:46:15,06:14:42
Flipbug,Octavia Hellewell,43-9019308,ohellewell71@sun.com,01:09:33,23:25:46
Gigaclub,Shelagh Strevens,77-7504318,sstrevens72@illinois.edu,09:45:59,11:50:10
Tagfeed,Lauren Redmond,94-4163234,lredmond73@ezinearticles.com,17:55:16,16:35:23
Quatz,Creigh Hugonneau,72-1903413,chugonneau74@netvibes.com,18:52:23,09:43:18
Tagpad,Clem Faichnie,01-7079408,cfaichnie75@google.nl,23:16:11,13:29:47
Tazzy,Xenos Winny,34-8538549,xwinny76@yelp.com,16:28:07,18:01:40
Vimbo,Barbi Jewes,06-5771877,bjewes77@mysql.com,15:37:44,16:43:38
Topicstorm,Marcy Doolan,58-8685092,mdoolan78@yelp.com,23:04:33,21:20:43
Trilia,Norina Sloan,09-6584416,nsloan79@chronoengine.com,19:50:33,12:17:30
Zoombeat,Harley Cowherd,57-0054655,hcowherd7a@ustream.tv,00:56:21,20:21:37
Tagfeed,Hendrik Shilleto,38-7980201,hshilleto7b@dedecms.com,12:40:55,00:07:12
JumpXS,Padgett Cattle,15-3993043,,11:00:35,13:15:00
Aibox,Dasi Flounders,16-4759336,dflounders7d@over-blog.com,02:41:55,23:12:21
Skyvu,Martina Agneau,60-0580410,magneau7e@forbes.com,13:03:59,01:50:23
Topiczoom,Doralynne Deignan,49-8636897,ddeignan7f@pcworld.com,07:47:20,04:42:31
Browsedrive,Wiley McKue,59-4611198,wmckue7g@histats.com,05:32:19,14:23:38
Topiclounge,Rudiger Pampling,27-8683477,rpampling7h@wikipedia.org,17:53:21,02:50:54
Tambee,Kellyann Noke,57-5704517,knoke7i@webnode.com,20:12:04,02:31:39
Skyba,Barnabe Gammade,15-8152495,bgammade7j@myspace.com,08:16:13,01:21:10
Ainyx,Sarita Vine,25-5659440,svine7k@rambler.ru,20:57:46,05:04:51
Realblab,Kimbell Baake,27-9958542,kbaake7l@taobao.com,18:55:20,03:08:50
Oodoo,Demetria MacTeggart,20-2904448,dmacteggart7m@technorati.com,02:12:19,21:29:05
Topiczoom,Glendon Speller,66-2426906,gspeller7n@about.me,00:13:55,04:28:34
Leenti,Gail Kinningley,78-4549609,gkinningley7o@cmu.edu,08:15:21,13:50:57
Blogpad,Mela Danihelka,19-3894711,,22:04:22,15:51:32
Edgeify,Kalli Sambidge,45-0564186,ksambidge7q@senate.gov,13:15:33,04:15:10
Quaxo,Ring Vallentin,96-1287041,rvallentin7r@guardian.co.uk,11:32:23,07:05:04
Ainyx,Craig Osselton,52-9962619,cosselton7s@wired.com,05:56:12,08:35:09
Rhynyx,Nomi Stairmond,59-8344693,nstairmond7t@chron.com,07:56:45,02:31:00
Pixonyx,Adria Guillotin,97-8927386,aguillotin7u@infoseek.co.jp,11:39:47,03:22:30
Pixope,Shea Waryk,97-4147095,swaryk7v@technorati.com,12:04:45,02:08:31
Shufflester,Delia Davidovics,64-3078367,ddavidovics7w@go.com,20:17:26,08:50:53
Dynazzy,Barton Pleass,24-0218164,bpleass7x@tiny.cc,13:17:05,18:41:39
Gabtune,Dominique Fausch,73-5675063,dfausch7y@bbc.co.uk,03:11:04,05:51:06
Shufflester,Annabelle Franey,62-6974439,afraney7z@cisco.com,21:03:13,07:02:22
Pixonyx,Trent Artinstall,67-9762011,tartinstall80@oaic.gov.au,04:26:08,07:57:34
Zoomcast,Wendie Blunsden,06-0140062,wblunsden81@yellowpages.com,10:02:29,16:25:04
Jamia,Virgil Murty,74-6749340,vmurty82@amazonaws.com,09:02:51,06:26:18
Youfeed,Berte Suggate,15-6464042,bsuggate83@pbs.org,22:59:10,18:15:51
Thoughtmix,Kynthia Batters,87-8641344,kbatters84@addtoany.com,04:09:13,13:56:16
Linktype,Vince Oldroyde,37-0144678,voldroyde85@i2i.jp,01:59:40,15:09:53
Pixope,Sara-ann Aspinal,83-3711680,saspinal86@springer.com,13:01:45,21:36:04
Divanoodle,Paule Greenhowe,47-6400095,pgreenhowe87@histats.com,09:10:56,22:43:43
Devshare,Conrad Huyche,58-6883094,chuyche88@instagram.com,11:11:01,16:53:27
Mudo,Nelle Sapey,00-3121472,nsapey89@usnews.com,07:10:40,16:20:16
Skimia,Doretta Annets,82-9345267,dannets8a@techcrunch.com,14:01:17,16:23:53
Thoughtmix,Angil Fauguel,49-1452230,afauguel8b@aboutads.info,22:12:44,11:01:36
Photolist,Burtie Griffiths,00-5124438,bgriffiths8c@digg.com,20:39:36,22:26:00
Eamia,Jermain Haveline,99-4092805,jhaveline8d@illinois.edu,06:04:34,16:38:34
Ailane,Teddie Furneaux,04-2280813,tfurneaux8e@google.com.br,15:00:29,09:09:58
Roomm,Bernita Brotherhood,19-4742278,bbrotherhood8f@mashable.com,21:38:19,03:07:15
Kamba,Conrad Tankard,38-8248996,ctankard8g@archive.org,04:14:55,03:54:45
Dynabox,Nicolai Brambley,54-9319071,nbrambley8h@microsoft.com,22:23:53,00:45:59
Brainbox,Worthington Roofe,87-8722320,wroofe8i@sohu.com,10:22:03,09:38:40
Mudo,Melania Jewell,31-4209252,mjewell8j@wikipedia.org,22:24:45,07:42:09
Jaloo,Roseanna Buske,81-8330345,rbuske8k@vk.com,07:19:18,23:13:24
Dablist,Eddy Kunkler,98-9300479,ekunkler8l@youku.com,06:07:34,06:10:27
Ailane,Grady Serridge,42-2871598,gserridge8m@java.com,08:26:56,03:47:04
Realcube,Helen-elizabeth Grigorian,66-2821723,hgrigorian8n@sciencedirect.com,05:46:42,12:24:08
Feedfire,Pearle Purveys,59-5467019,ppurveys8o@arizona.edu,10:23:14,23:40:01
Zazio,Delphine Grievson,63-8218983,dgrievson8p@51.la,06:29:48,01:05:58
Omba,Jorgan Ventum,77-3201558,jventum8q@yelp.com,19:24:19,17:53:17
Feednation,Erin Vaulkhard,91-7006525,evaulkhard8r@tripadvisor.com,18:47:06,14:19:29
Skibox,Shandeigh Gaffey,35-4855063,sgaffey8s@soundcloud.com,05:05:38,04:47:50
Tagtune,Mikey Oven,19-1126413,,11:49:30,14:15:48
Voolia,Lucila Middis,50-2521073,lmiddis8u@bravesites.com,22:53:55,14:52:48
Zoomcast,Vic Haskins,52-3495607,vhaskins8v@homestead.com,22:31:10,01:57:39
Linklinks,Eydie Ennew,91-3367728,eennew8w@goo.ne.jp,15:25:24,06:45:25
Dynabox,Sutton Gleave,94-7618648,sgleave8x@tamu.edu,23:04:21,14:30:20
Yambee,Bartie Thorns,88-8504790,bthorns8y@vk.com,14:42:27,02:06:36
Topiclounge,Carlene Tiffin,03-9211316,,09:20:04,03:58:04
Jamia,Dotty Merrilees,46-2929569,dmerrilees90@trellian.com,06:53:50,16:59:13
Photojam,Wes Spare,95-7424417,wspare91@com.com,08:32:45,07:09:58
Skynoodle,Rowney Muttock,87-8934243,rmuttock92@disqus.com,04:20:29,19:50:26
Gabtune,Gerry Mcwhinney,30-6315965,,13:39:31,18:05:37
Meedoo,Jacquie Woodbridge,88-5384283,jwoodbridge94@odnoklassniki.ru,23:19:03,04:26:13
Zoombox,Shepherd Markovich,67-5056999,,13:22:19,12:25:56
Eamia,Pip Van Oord,58-2975050,pvan96@godaddy.com,05:52:00,19:12:30
Cogibox,Karlik Sheryn,17-4648396,ksheryn97@dailymotion.com,01:21:42,05:54:15
Eazzy,Lenard Potteridge,04-6427108,lpotteridge98@aboutads.info,04:43:13,12:51:08
Kanoodle,Aurie Shedd,70-8742994,,00:49:54,08:51:16
Meeveo,Gerick Cowoppe,93-1183166,gcowoppe9a@comsenz.com,09:02:06,17:01:07
Gabvine,Henriette Siveter,58-8614078,hsiveter9b@utexas.edu,18:50:19,15:41:52
Twitterlist,Gwyn Guppey,46-9692476,gguppey9c@skyrock.com,05:38:59,19:24:32
Thoughtbeat,Karoline Doleman,81-0514264,kdoleman9d@amazon.com,10:38:52,19:52:58
Babbleblab,Hyman Rembrant,71-4625210,hrembrant9e@istockphoto.com,05:38:13,00:19:30
Tagcat,Johna Donisthorpe,08-2656185,jdonisthorpe9f@slashdot.org,07:47:14,18:17:39
Gabvine,Breanne Castanaga,04-9308789,bcastanaga9g@drupal.org,23:33:30,05:40:53
Brightdog,Christyna Curson,13-4287253,ccurson9h@spotify.com,03:59:22,07:31:34
Yabox,Evania Ayre,07-8082284,eayre9i@mapquest.com,13:20:54,16:18:41
Shufflester,Gifford Tomasi,83-1997478,gtomasi9j@hatena.ne.jp,08:32:27,00:23:44
Ailane,Luke Maudlin,58-5874370,lmaudlin9k@sina.com.cn,16:24:55,05:37:14
Twitterlist,Olvan Walentynowicz,39-6737520,owalentynowicz9l@tuttocitta.it,17:13:56,06:38:56
Camido,Jewel Fuller,17-7921205,jfuller9m@ask.com,15:13:48,20:49:01
Eamia,Corney Jagiello,80-7454938,cjagiello9n@smh.com.au,14:49:07,21:17:14
Feedspan,Adelina Bonellie,32-6191482,abonellie9o@behance.net,00:52:02,23:10:10
Bubblebox,Lorin MacCoughen,18-6958543,lmaccoughen9p@webs.com,18:50:18,12:58:42
Voonyx,Hew De Anesy,77-2952776,,17:04:41,21:14:10
Wordware,Jens Schwartz,31-3476007,jschwartz9r@hatena.ne.jp,15:43:09,06:52:57
Kamba,Kellby Mahody,72-9546184,kmahody9s@360.cn,11:13:05,12:26:20
Bluejam,Valaree Marryatt,60-2418340,vmarryatt9t@friendfeed.com,13:34:06,12:01:43
Gigazoom,Dasi Bernardez,73-9914997,dbernardez9u@bluehost.com,19:20:40,14:35:40
Cogilith,Humberto Caves,80-4576297,hcaves9v@google.com,15:25:17,18:12:11
Eidel,Sella Barrows,46-6292298,sbarrows9w@dagondesign.com,06:23:52,13:14:50
Vimbo,Paolo Braden,33-5733500,pbraden9x@4shared.com,12:46:43,22:15:40
Aimbo,Muffin Skase,07-5003449,mskase9y@smh.com.au,11:33:29,11:32:20
Dabvine,Peyton Solland,88-5627919,psolland9z@bandcamp.com,06:47:15,17:10:48
Kazio,Nicol McCoole,14-1033960,nmccoolea0@cbslocal.com,18:19:45,03:58:34
Edgepulse,Carri Barthorpe,17-4890199,cbarthorpea1@census.gov,19:29:26,22:01:47
Vitz,Upton Tuttiett,61-9951938,ututtietta2@reddit.com,23:53:22,14:46:06
Rhynyx,Falito Laweles,21-7091623,flawelesa3@bing.com,04:20:57,18:37:46
Thoughtsphere,Sondra Clint,81-3202843,sclinta4@prweb.com,18:43:00,01:50:54
Jazzy,Monty Alenichicov,89-7236069,malenichicova5@salon.com,22:23:31,13:16:53
Fatz,Jone Inkster,19-7087169,jinkstera6@myspace.com,03:10:45,13:27:54
Gabcube,Cherye Santostefano.,33-7009998,csantostefanoa7@privacy.gov.au,01:30:37,08:11:57
Twitterwire,Madison Sharram,55-1705290,msharrama8@chicagotribune.com,17:59:24,05:54:39
Dynabox,Ralina Huguet,30-0803147,,21:30:20,02:44:09
Quatz,Becca Berthel,83-0686326,bberthelaa@wikimedia.org,02:17:04,04:43:26
Pixonyx,Balduin Bence,58-4664525,bbenceab@ebay.co.uk,15:33:17,07:20:45
Zoozzy,Ariela Nunnery,30-3181520,anunneryac@desdev.cn,07:38:21,14:26:42
Nlounge,Meggie Blackbrough,00-0908478,mblackbroughad@wix.com,14:57:56,12:46:37
Babbleblab,Julianna Kyllford,50-3804475,jkyllfordae@hostgator.com,11:04:54,22:50:20
Jaloo,Aristotle Ingamells,02-2657131,aingamellsaf@prnewswire.com,18:13:33,16:56:47
Twitternation,Pauli Kave,62-6427654,pkaveag@typepad.com,19:39:10,13:53:22
Zazio,Marco Poxon,66-6235619,mpoxonah@epa.gov,12:26:55,08:37:04
Kwinu,Lars Wintringham,96-6488531,lwintringhamai@paginegialle.it,00:53:54,00:29:59
Dynabox,Garth Petch,36-4293157,gpetchaj@mapy.cz,18:42:51,04:06:57
Vinder,Helenka Tallboy,42-8254766,htallboyak@mayoclinic.com,06:15:12,00:23:40
Mudo,Izaak Quye,94-4255765,iquyeal@ucoz.com,22:05:05,19:13:00
Demivee,Ninnette Trundell,02-2845757,ntrundellam@youku.com,02:52:05,02:34:05
Feednation,Jessy Dy,70-3138523,jdyan@springer.com,05:04:26,13:11:31
Flipstorm,Marion Kittoe,68-9912736,mkittoeao@guardian.co.uk,14:12:12,17:39:10
Zoomdog,Allys Filippone,74-9835968,afilipponeap@mapy.cz,08:41:41,07:02:11
Skippad,Goober Leyninye,59-8628945,gleyninyeaq@theglobeandmail.com,10:09:53,15:28:01
Flashpoint,Bari Denkel,84-7763540,bdenkelar@artisteer.com,18:03:50,11:31:54
Abata,Quintina Millsom,06-6352286,qmillsomas@amazon.com,14:10:54,14:47:13
Meetz,Stillman Legen,42-5404356,slegenat@reddit.com,11:35:48,09:08:38
Yombu,Madelyn Bolduc,26-6357125,mbolducau@usnews.com,18:06:02,06:44:00
Cogidoo,Abner Leverentz,10-5575110,aleverentzav@addthis.com,17:58:18,04:57:47
Innotype,Vinnie Ree,87-7200004,vreeaw@oaic.gov.au,02:00:02,13:49:06
Gigashots,Vinny Benzing,42-3823115,vbenzingax@google.ca,10:34:25,00:39:33
Skipfire,Lindsay Lotze,16-4252694,llotzeay@irs.gov,16:38:18,17:54:41
Flashset,Paige Tabord,36-7276804,ptabordaz@time.com,10:16:39,02:44:58
Katz,Adah Backshaw,66-7481061,abackshawb0@virginia.edu,12:35:44,16:53:24
Quimba,Ravi Flaonier,40-6844334,rflaonierb1@vkontakte.ru,04:58:15,06:34:50
Reallinks,Didi Inchcomb,56-8038985,dinchcombb2@wunderground.com,03:42:06,02:34:44
Oozz,Jefferey Pantlin,16-3539634,jpantlinb3@npr.org,04:13:05,00:56:47
Skilith,Aube Chicotti,31-7510255,achicottib4@ycombinator.com,12:41:30,23:12:02
Ailane,Tate Finlow,12-5644848,tfinlowb5@miitbeian.gov.cn,09:32:17,14:01:55
Bubblebox,Jill Benjefield,53-6365007,jbenjefieldb6@jugem.jp,02:27:11,05:55:11
Kanoodle,Brit Mustin,71-9406510,bmustinb7@about.me,19:37:51,09:56:12
Eire,Zeke Gethen,86-2849645,zgethenb8@surveymonkey.com,17:39:20,10:27:43
Linktype,Sandy de Quincey,67-8188263,sdeb9@stumbleupon.com,20:26:16,23:29:40
Fivechat,Gwenny Dillicate,08-2392978,gdillicateba@constantcontact.com,11:56:52,10:05:35
Skibox,Royal Kruszelnicki,87-8602719,rkruszelnickibb@microsoft.com,16:47:18,10:21:15
Quimba,Randie Marvelley,42-3540874,rmarvelleybc@ucoz.ru,07:47:13,18:17:19
Flipopia,Janenna Suffe,38-6686970,jsuffebd@homestead.com,08:58:52,00:16:48
Realcube,Jillie Covotto,57-0135878,,04:20:48,20:23:48
Gigabox,Enrika Kohler,99-1369964,ekohlerbf@theatlantic.com,16:31:10,02:38:36
Zoombeat,Dani Grimmett,46-4609018,dgrimmettbg@gmpg.org,14:21:30,01:30:16
Camido,Xena Verner,54-3010894,xvernerbh@gov.uk,07:12:35,13:09:43
Mydeo,Carlynn Alenin,85-3470537,caleninbi@tmall.com,08:29:35,08:17:53
Brightdog,Anna-diana Mompesson,49-2636622,amompessonbj@pinterest.com,00:12:35,21:33:56
Camido,Olly Curry,31-8378437,ocurrybk@livejournal.com,15:36:23,14:19:18
Yakijo,Alain Pinnell,30-7770673,apinnellbl@sourceforge.net,17:14:51,20:24:48
Abata,Cobbie Batrim,80-1685688,cbatrimbm@51.la,07:41:21,11:12:42
Dabfeed,Selinda Feary,20-6981250,sfearybn@newyorker.com,13:02:35,19:13:12
Skinder,Tammie Tregonna,36-2054877,ttregonnabo@blog.com,04:27:05,08:12:29
Mudo,Dian Kepling,15-9840264,dkeplingbp@icq.com,22:52:25,09:25:22
Oozz,Ingaberg Skaid,80-3525906,iskaidbq@sfgate.com,16:18:44,13:47:18
Twimbo,Kirsti Kivell,83-7891158,kkivellbr@amazon.com,14:49:25,02:16:28
Dabshots,Shelia Trask,86-1096026,straskbs@wix.com,06:18:06,03:52:40
Topdrive,Evangeline Rainville,72-5094827,erainvillebt@dropbox.com,20:11:04,07:57:19
Oozz,Ianthe MacInerney,68-8077057,imacinerneybu@japanpost.jp,17:24:51,05:14:57
Zoombeat,Serene Cleevely,23-5196010,scleevelybv@samsung.com,06:57:19,12:06:17
Kanoodle,Holli Fearnside,95-5345352,hfearnsidebw@marriott.com,17:13:15,03:26:50
Wikizz,Frederik Gilstoun,89-9037165,fgilstounbx@nature.com,09:05:19,01:09:51
Quatz,Roda Bertomeu,60-4745757,rbertomeuby@sourceforge.net,22:20:18,12:25:31
Zoovu,Fernando Sigmund,21-8711946,fsigmundbz@naver.com,01:18:30,15:56:14
Zoomlounge,Arlinda Sorby,09-8284906,asorbyc0@homestead.com,23:18:14,06:20:41
Dynava,Marilin Orpin,86-4581761,morpinc1@goo.ne.jp,06:55:24,12:18:41
Meeveo,Lona Starzaker,83-2120415,lstarzakerc2@mac.com,09:03:53,08:19:04
Feedmix,Otis Awde,59-7957390,oawdec3@mlb.com,23:25:24,12:21:20
Minyx,Seana Garrod,13-6281846,sgarrodc4@state.gov,21:07:07,05:39:05
Zoombeat,Gardner Carne,68-7997327,gcarnec5@epa.gov,19:53:31,20:34:40
Twitterbeat,Modesta Dillinton,96-2291175,mdillintonc6@instagram.com,07:33:56,19:16:57
Thoughtbeat,Elbert Muzzillo,18-3623244,emuzzilloc7@icio.us,08:48:51,13:50:33
Gevee,Base Pendrey,84-3020444,bpendreyc8@dedecms.com,23:37:31,03:05:39
Tagopia,Shelbi Stalley,90-2303416,sstalleyc9@issuu.com,22:09:59,18:16:38
Topiczoom,Athene Mottley,58-2604801,amottleyca@cyberchimps.com,23:34:02,23:56:08
Shuffledrive,Ninnetta Fullick,04-8902665,nfullickcb@about.me,10:51:16,23:51:47
Meembee,Jillane Kirckman,00-1926376,jkirckmancc@imgur.com,19:03:03,00:15:19
Yata,Clevey Tite,72-3033965,ctitecd@last.fm,04:23:42,06:59:05
Feednation,Con Oene,97-2256060,coenece@gov.uk,16:08:14,20:45:56
Pixope,Magdaia Ellyatt,58-5106387,mellyattcf@pinterest.com,10:57:44,20:18:18
Demimbu,Zaccaria Shalders,09-1175112,,18:42:09,08:42:03
Divape,Tiffy Beddie,83-1457376,,05:44:08,03:10:09
Yombu,Emilie Barwis,28-5683195,ebarwisci@smugmug.com,09:00:16,05:50:38
Linktype,Jaine Loosely,04-8958369,jlooselycj@sphinn.com,17:16:16,18:26:44
Bluejam,Dela Lissandri,32-5741197,dlissandrick@slashdot.org,17:59:06,14:15:48
Mycat,Lauree Layhe,13-1674386,llayhecl@latimes.com,09:42:52,07:15:54
Twitterbeat,Ely Andrzejowski,82-4985808,eandrzejowskicm@canalblog.com,22:48:07,09:10:17
Vimbo,Alain Pirson,42-9998521,apirsoncn@telegraph.co.uk,06:32:22,19:02:24
Livefish,Jayson Esh,40-8109460,jeshco@nature.com,20:18:14,21:27:23
Trupe,Brigitta Newdick,71-1565157,bnewdickcp@dion.ne.jp,22:47:58,23:33:52
Gabspot,Sal Remington,90-5761879,sremingtoncq@samsung.com,07:36:13,23:13:53
Yamia,Reina Burnsyde,65-9114821,rburnsydecr@dot.gov,13:09:21,23:53:59
Browseblab,Ellissa De Fraine,02-3878837,edecs@issuu.com,18:51:47,10:44:31
Linklinks,Nowell Basnett,52-8746235,nbasnettct@netlog.com,01:04:00,11:25:06
Skyndu,Benedikt Hamlyn,43-8697279,bhamlyncu@addtoany.com,16:12:52,07:39:17
Avavee,Godwin Bigmore,73-5850839,gbigmorecv@answers.com,17:15:58,04:30:29
Topicshots,Elissa Gilardi,99-3623435,egilardicw@twitter.com,04:37:06,10:04:00
Topicware,Muhammad Antoniou,24-1074736,mantonioucx@rediff.com,18:31:27,07:50:49
Thoughtbeat,Milton Ballay,89-8922279,mballaycy@hc360.com,08:58:38,09:10:55
Devify,Isidor Timmes,90-7889743,itimmescz@economist.com,01:45:41,12:13:26
Bubbletube,Justis Yesichev,04-3680284,jyesichevd0@twitpic.com,19:52:18,22:30:16
Dynazzy,Yolanda Kerkham,30-0233162,ykerkhamd1@ucoz.ru,19:24:19,06:06:44
Gigaclub,Cello Steketee,71-3136454,,22:28:29,00:10:38
Tagopia,Flori Leppard,90-1417410,fleppardd3@webnode.com,08:32:11,13:03:59
Katz,Jeromy Jupe,97-6199531,jjuped4@bandcamp.com,17:01:03,22:30:14
Rhynyx,Marissa Noakes,96-8348099,mnoakesd5@addtoany.com,20:32:15,02:34:48
Jayo,Dav Murrish,89-9143473,dmurrishd6@wiley.com,23:26:38,19:44:08
Eamia,Celinka Laite,54-2633015,claited7@webmd.com,06:00:34,16:47:44
Dynazzy,Datha Huygen,64-4234565,dhuygend8@rediff.com,20:05:11,04:22:17
Dabfeed,Olive Ambresin,29-2801384,oambresind9@sciencedirect.com,13:35:08,20:11:04
Leexo,Aubert Pidler,94-3424828,apidlerda@qq.com,17:56:11,07:49:45
Topiclounge,Hercule Peddar,56-6647188,hpeddardb@wsj.com,15:21:11,21:38:12
Livepath,Kaine Paffett,28-0021944,kpaffettdc@constantcontact.com,06:16:19,19:15:41
Edgetag,Thomasine Deneve,70-6939665,tdenevedd@wikipedia.org,22:12:53,08:49:32
Flashspan,Rayner Agutter,71-4421288,ragutterde@nba.com,11:19:36,06:10:37
Avaveo,Duffy Diloway,77-1702331,ddilowaydf@merriam-webster.com,23:37:04,03:21:04
Livetube,Weider Connell,72-7774522,wconnelldg@exblog.jp,18:01:35,23:48:40
Brightdog,Goraud Dallewater,67-1265170,gdallewaterdh@linkedin.com,07:56:14,01:42:18
Snaptags,Ryan Bagnell,02-9740791,rbagnelldi@patch.com,23:09:34,14:35:42
Lazzy,Cosme Cossam,81-3914475,ccossamdj@slashdot.org,21:32:14,13:05:54
Skalith,Mead Sutlieff,79-2116412,msutlieffdk@cnet.com,10:19:33,23:24:48
Realfire,Godwin Quarles,45-1242431,gquarlesdl@pcworld.com,21:51:35,14:13:59
DabZ,Carlotta Titterington,81-6950768,ctitteringtondm@cisco.com,17:28:26,17:00:35
Browseblab,Clemmie Twamley,38-8721510,ctwamleydn@unblog.fr,18:00:27,07:06:19
Yakitri,Edouard Klass,03-9444597,eklassdo@edublogs.org,20:10:28,18:34:51
Devbug,Matias Blackmoor,68-9614888,mblackmoordp@prweb.com,21:34:27,21:30:56
Voonder,Margaretta Gerhartz,84-8489310,mgerhartzdq@cbslocal.com,12:36:50,19:04:00
Jazzy,Dolf Brugmann,55-7232336,dbrugmanndr@edublogs.org,01:34:45,00:42:22
Livepath,Germain Beevens,40-8824880,gbeevensds@cmu.edu,20:54:06,11:29:39
Kwideo,Kelli Hamal,74-3730028,khamaldt@feedburner.com,09:18:16,16:21:27
Demizz,Otis Buxsy,39-6946281,obuxsydu@goodreads.com,15:46:25,23:26:35
Mybuzz,Joanna Boutcher,05-0878142,jboutcherdv@rambler.ru,09:44:04,07:19:58
,,,,,
,,,,,
,,,,,
,,,,,
,,,,,
,,,,,
,,,,,
,,,,,
,,,,,
,,,,,
,,,,,
,,,,,
,,,,,
,,,,,
,,,,,
,,,,,
,,,,,
,,,,,
,,,,,
,,,,,
,,,,,
,,,,,
,,,,,
,,,,,
,,,,,
,,,,,
,,,,,
,,,,,
,,,,,
,,,,,
,,,,,
,,,,,
,,,,,
,,,,,
,,,,,
,,,,,
,,,,,
,,,,,
,,,,,
,,,,,
,,,,,
,,,,,
,,,,,
,,,,,
,,,,,
,,,,,
,,,,,
,,,,,
,,,,,
,,,,,
,,,,,
,,,,,
,,,,,
,,,,,
,,,,,
,,,,,
,,,,,
,,,,,
,,,,,
,,,,,
,,,,,
,,,,,
,,,,,
,,,,,
,,,,,
,,,,,
,,,,,
,,,,,
,,,,,
,,,,,
,,,,,
,,,,,
,,,,,
,,,,,
,,,,,
,,,,,
,,,,,
,,,,,
,,,,,
,,,,,
,,,,,
,,,,,
,,,,,
,,,,,
,,,,,
,,,,,
,,,,,
,,,,,
,,,,,
,,,,,
,,,,,
,,,,,
,,,,,
,,,,,
,,,,,
,,,,,
,,,,,
,,,,,
,,,,,
,,,,,
,,,,,
,,,,,
,,,,,
,,,,,
,,,,,
,,,,,
,,,,,
,,,,,
,,,,,
,,,,,
,,,,,
,,,,,
,,,,,
,,,,,
,,,,,
,,,,,
,,,,,
,,,,,
,,,,,
,,,,,
,,,,,
,,,,,
,,,,,
,,,,,
,,,,,
,,,,,
,,,,,
,,,,,
,,,,,
,,,,,
,,,,,
,,,,,
,,,,,
,,,,,
,,,,,
,,,,,
,,,,,
,,,,,
,,,,,
,,,,,
,,,,,
,,,,,
,,,,,
,,,,,
,,,,,
,,,,,
,,,,,
,,,,,
,,,,,
,,,,,
,,,,,
,,,,,
,,,,,
,,,,,
,,,,,
,,,,,
,,,,,
,,,,,
,,,,,
,,,,,
,,,,,
,,,,,
,,,,,
,,,,,
,,,,,
,,,,,
,,,,,
,,,,,
,,,,,
,,,,,
,,,,,
,,,,,
,,,,,
,,,,,
,,,,,
,,,,,
,,,,,
,,,,,
,,,,,
,,,,,
,,,,,
,,,,,
,,,,,
,,,,,
,,,,,
,,,,,
,,,,,
,,,,,
,,,,,
,,,,,
,,,,,
,,,,,
,,,,,
,,,,,
,,,,,
,,,,,
,,,,,
,,,,,
,,,,,
,,,,,
,,,,,
,,,,,
,,,,,
,,,,,
,,,,,
,,,,,
,,,,,
,,,,,
,,,,,
,,,,,
,,,,,
,,,,,
,,,,,
,,,,,
,,,,,
,,,,,
,,,,,
,,,,,
,,,,,
,,,,,
,,,,,
,,,,,
,,,,,
,,,,,
,,,,,
,,,,,
,,,,,
,,,,,
,,,,,
,,,,,
,,,,,
,,,,,
,,,,,
,,,,,
,,,,,
,,,,,
,,,,,
,,,,,
,,,,,
,,,,,
,,,,,
,,,,,
,,,,,
,,,,,
,,,,,
,,,,,
,,,,,
,,,,,
,,,,,
,,,,,
,,,,,
,,,,,
,,,,,
,,,,,
,,,,,
,,,,,
,,,,,
,,,,,
,,,,,
,,,,,
,,,,,
,,,,,
,,,,,
,,,,,
,,,,,
,,,,,
,,,,,
,,,,,
,,,,,
,,,,,
,,,,,
,,,,,
,,,,,
,,,,,
,,,,,
,,,,,
,,,,,
,,,,,
,,,,,
,,,,,
,,,,,
,,,,,
,,,,,
,,,,,
,,,,,
,,,,,
,,,,,
,,,,,
,,,,,
,,,,,
,,,,,
,,,,,
,,,,,
,,,,,
,,,,,
,,,,,
,,,,,
,,,,,
,,,,,
,,,,,
,,,,,
,,,,,
,,,,,
,,,,,
,,,,,
,,,,,
,,,,,
,,,,,
,,,,,
,,,,,
,,,,,
,,,,,
,,,,,
,,,,,
,,,,,
,,,,,
,,,,,
,,,,,
,,,,,
,,,,,
,,,,,
,,,,,
,,,,,
,,,,,
,,,,,
,,,,,
,,,,,
,,,,,
,,,,,
,,,,,
,,,,,
,,,,,
,,,,,
,,,,,
,,,,,
,,,,,
,,,,,
,,,,,
,,,,,
,,,,,
,,,,,
,,,,,
,,,,,
,,,,,
,,,,,
,,,,,
,,,,,
,,,,,
,,,,,
,,,,,
,,,,,
,,,,,
,,,,,
,,,,,
,,,,,
,,,,,
,,,,,
,,,,,
,,,,,
,,,,,
,,,,,
,,,,,
,,,,,
,,,,,
,,,,,
,,,,,
,,,,,
,,,,,
,,,,,
,,,,,
,,,,,
,,,,,
,,,,,
,,,,,
,,,,,
,,,,,
,,,,,
,,,,,
,,,,,
,,,,,
,,,,,
,,,,,
,,,,,
,,,,,
,,,,,
,,,,,
,,,,,
,,,,,
,,,,,
,,,,,
,,,,,
,,,,,
,,,,,
,,,,,
,,,,,
,,,,,
,,,,,
,,,,,
,,,,,
,,,,,
,,,,,
,,,,,
,,,,,
,,,,,
,,,,,
,,,,,
,,,,,
,,,,,
,,,,,
,,,,,
,,,,,
,,,,,
,,,,,
,,,,,
,,,,,
,,,,,
,,,,,
,,,,,
,,,,,
,,,,,
,,,,,
,,,,,
,,,,,
,,,,,
,,,,,
,,,,,
,,,,,
,,,,,
,,,,,
,,,,,
,,,,,
,,,,,
,,,,,
,,,,,
,,,,,
,,,,,
,,,,,
,,,,,
,,,,,
,,,,,
,,,,,
,,,,,
,,,,,
,,,,,
,,,,,
,,,,,
,,,,,
,,,,,
,,,,,
,,,,,
,,,,,
,,,,,
,,,,,
,,,,,
,,,,,
,,,,,
,,,,,
,,,,,
,,,,,
,,,,,
,,,,,
,,,,,
,,,,,
,,,,,
,,,,,
,,,,,
,,,,,
,,,,,
,,,,,
,,,,,
,,,,,
,,,,,
,,,,,
,,,,,
,,,,,
,,,,,
,,,,,
,,,,,
,,,,,
,,,,,
,,,,,
,,,,,
,,,,,
,,,,,
,,,,,
,,,,,
,,,,,
,,,,,
,,,,,
,,,,,
,,,,,
,,,,,
,,,,,
,,,,,
,,,,,
,,,,,
,,,,,
,,,,,
,,,,,
,,,,,
